AUGGUACCGUAA,.(..((...)))
GUACCCAUAAUG,(...)((...))
AUGCUGGUAUAA,.(..((...)))
CCGGUAGCAUAA,....((...).)
AUGGUAUGCCAU,((((....))))
GUACAUCGGAUU,..(.((...)))
AUGCUGCCGUAA,.(((....)).)
GCCGUACCAUGA,..(((...))).
AUGGUACGCAUU,((.(....)).)
GUACCGAUACAU,(((....)))..
CUGGUACCUAAG,((((...)).))
AUGCCGUACGUA,.((.(....)))
GUAGCCAUCUAA,.(((....)).)
CUGAUCCGUAGU,(((...)..)).
AUGGUACCUCGU,((((...).)))
GUACCUUGACUA,((.(...)))..
AUGCCUGGUACU,(.((...)..))
GUACGGAUCUGA,.(.((...).))
CCGUAGCUAGUA,.((...)..)..
AUGGUACCGAUC,((.(...).)).
GCUAUGGUACCA,(.((...)))..
GUACCGUCAUGA,.(..((...)))
AUGGUACUGCCU,(.(((...))))
CCGUAUGCUAAG,.(.(.(...)))
AUGGCCGUACAU,((((...).)))
GUACGGUCUAUG,..(...)(...)
CUGCUACGUAGC,((((...)))).
AUGGUACCUAGC,...(..(...))
GUACAUUCGGUA,.(((.....)))
CCGGUACCAUGC,.(((...).)).
AUGGCUACGUAU,((.((...))))
GUACUCGGUCAA,(.((...)))..
CUGGUACCUAUG,((((...))).)
AUGCCGUAUGCA,.((.(....)))
GUAGCCUACUAA,.(((....)).)
CUGAUCCGUACU,(.(...))....
AUGGUACCUCGG,.(((...).).)
GUACCUUCGGUA,.((((...))))
AUGCCGGUACUA,.((..(...)))
GUACGGAUCUGU,..(((...).))
CCGUACGUCUAA,.(....)(...)
AUGGUACCGAUU,((.(...).).)
GCUAUGGUACCU,((...)(...))
GUACCGUAAUGC,(...((...)))
AUGGUACGCCUU,(.((....)).)
CCGUAUGCCUAA,...(.(....))
AUGGCCGUACUU,(.((.....)))
GUACGGCUUAUG,((...))(...)
CUGCUACGUAGU,((((...)))).
AUGGUACCUAGU,((((...))).)
GGACUUAUAGAUGGCUAAAAUCUGAGUCCA,((((((..(((((....).)))))))))).
GCGGGCAUCGUAUAAUGGCUAUUACCUCAGCCUUCCAAGCUGAUGAUGCGGGUUCGAUUCCCGCUGCCCGCUCCA,..((.(((((((.(..(..(()))((..(((.....)..).)..).)(((((()..)..))))))))).......
GAUAACUGAAUCGAAAGACAUUAUCACG,((((.....((((..))))..))))...
UUACGGCGGCCACAGCGGCAGGGAAACGCCCGGUCCCAUUCCGAACCCGGAAGCUAAGCCUGCCAGCGCCGAUGAUACUGCCCCUCCGGGUGGAAAAGUAGGACACCGCCGAACA,.(((((((((.(.)(((((((((..)((((((()(((((...())))))(.))(())))))))).())(((((((((((((((....))))))))))))))).))))))))))..
UGGUAUAUAGUUUAAACAAAACGAAUGAUUUCGACUCAUUAAAUUAUGAUAAUCAUAUUUACCAACCA,(((((((((((((((..)()))((((((.(..)..)))))).)((((((..))))))))))))))...
GCACUAACCUAAGACAGGAGGGCCGGGAAACCUGCCUAAUCCAAUGACGGGUAAUAGUGU,(((((((((((...(((((((((((((..)))))))).))))...))))))(.)))))))
AUAAAAUAACAUUCUU,(..)..()........
GUAUGGGAUGAAAGCGGUGAAGGGAAACCGAGUUAACCCCUAAGCC,((((((((...(((((..((.(((..))))))))).)))))())).
GCAUCCGAGCUCAGCUGGAUAGAGUACUCGGUGCGACCGAGCGCGGAGGCGAAUCCUCCCGGAUGCACCA,((((((((((((((....(.))))((((((((.).))))))))((((()....)))))))))))).....
UUCCUCGUGGCCCAAUGGUCACGGCGUCUGGCUGCGAACCAGAAGAUUCCAGGUUCAAGUCCUGGCGGGGAAGCCA,((((((((.((((((.((..)))))(((((((....))))))))..)(((((()).)..)))))))))))).....
GGAGAGUCUCUCAGCUGGUACAGUUUUAGAGCUAGAAAUAGCAAGUUAAAAUAAGGCUAGUCCGUUAUCAACUUGAAAAAGUGA,......................((((((..(((((..)))))....)))))).(((((.).))).....((((((..)))))).
ACCGGAUGUGCUUUCCGGUCUGAUGAGUCCGUGAGGACAAAACAGGGCUCCCGAAUU,(((((((()(.(())))))((().)(((((..))))))).)................
GGAAAUUAGGUGCGCUUGGCGUUUUAGAGCUAGAAAUAGCAAGUUAAAAUAAGGCUAGUCCGUUAUCAACUUGAAAAAGUG,....................((((((..(((((..)))))....)))))).(((((.).))).....((((((..))))))
GUUAUAUUAGCUUAAUUGGUAGAGCAUUCGUUUUGUAAUCGAAAGGUUUGGGGUUCAAAUCCCUAAUAUAACAC,(((((((((((((((..((.)()()(((((((.)()..)))))))).)(((((()).)..))))))))))))..
GCGGGGACGACCCUGC,((((((....))))))
GAAUAUAAUAGUGAUAUUAUAUUC,(((((((((((..)))))))))))
GGGCCUAUAGCUCAGGCGGUUAGAGCGCUUCGCUGAUAACGAAGAGGUCGGAGGUUCGAGUCCUCCUAGGCCCACCA,((((((((((((()((.((..)()))(((((((.....))))))))).)(((((()).)).))))))))))))....
AUUGAAAGUUGUAGUAUGCGGUCCUUGCGGCU,...........()...................
GGAUGCGCCUUGAAAAGCCUGCGAAACACGCAGCUGGUGAAUGACAGCUAUGGCGCAUCC,((((((((((((.((..())(((.(..))))(((((.)(.))).))))).))))))))))
GCCCGCAUGGUGAAAUCGGUAAACACAUCGCACUAAUGCGCCGCCUCUGGCUUGCCGGUUCAAGUCCGGCUGCGGGCACCA,(((((((((((((((..((.(())))(((((((..)))))))(((...)))))(((((()).)..))))))))))))....
GGGUCUAUGAUACCACCCCGGAG,((((..........)))).....
AAUUUCUACUAAGUGUAGAUAAAGUG,.(((((((()....))))))......
CCACACCGUUCUAGGUGCUGG,((((((((....))))).)).
GCCCGGAUGAUCCUCAGUGGUCUGGGGUGCAGACCUGUUGUCUCGACAGAGUGGUUCAAUUCCACCUUUCGGGCG,(((((((((..((((((((())))))).((((..))))((((()))))..((((()).)).))))))))))))).
GGGCGGCUAGCUCAGCGGAAGAGCGCUCGCCUCACACGCGAGAGGUCGUAGGUUCAAGUCCUACGCCGCCCACCA,((((((((((((()(.((.)()))((((((.......)))))))).)(((((()).)..))))))))))))....
ACGGAAAGACCCC,...(......)..
GCCAGCCGCCUGAUGGCGGCGACACUCCA,....((((((..(.)))))).........
GGACUGAAAUCC,((((....))))
UUCUGGUGUCCUAGGCGUAGAGGAACCACACCAAUCCAUCCCGAACUUGGUGGUUAAACUCUACUGCGGUGACGAUACUGUAGGGGAGGUCCUGCGGAAAAAUAGCUCGACGCCAGGA,(((((((((((..)(((((((((..)((((((((.(((....(.)))))))))(())))))))).()(((((((((((((((((((..))))))))))))))))))))))))))))))
CGCUUCAUAUAAUCCUAAUGAUAUGGUUUGGGAGUUUCUACCAAGAGCCUUAAACUCUUGAUUAUGAAGUG,(((((((((((.(((((((.(((.(()))))))((.(()))(((((()(..)))))))))..)))))))))
AGUGGUAAGCGAAACACUGCCAGGUAACAAAUCAAUCCUCCCACGGUGAGCUUUCUUUUCACCAUAAUCCACCUUGGGCCUUUUACCGCGUUGUUCGGAGCGGGGGCUCAAGAUUGAAAAAUGCAGCUCUACGUACUGUUGUGAGUUCUGCGCAUUAACGCAAAAACCUGGGGUGU,.((.(.(()).....(((((((((((((..(((((.((((((..((((((.(...).))))))((((((.(((((((((((((.(.(((..)).)))..).))))))))))))).))))).)(((((((().))))))))).))))()))))...(....).))))))))))))..
CAUGUCAUGUCAUGAGUCCAUGGCAUGGCAUGGC,((((((((((((((....))))))))))))))..
GUUAAUGUAGCUUAAUCAAAGCAAGGCACUGAAAAUGCCUAGAUGAGCCUCAGCUCCAUAAACACCA,((((((((.((()(....)()(((((((((...)))))))))))((((.(.)))))))))))))...
AAUUUCUACUAAGUGUAGAUC,.(((((((()....)))))).
GCACAAUCGUUUUUAUAAGGGUUUGCGGUGUAAGUGCAGCCCGUCUUACACCGUGCGGCACAGGCACUAGUACUGAUGUCGUAUACAGGGCUUUU,................().......((((((((((..(((((.))))))))))(((((((((((((..)))())).)))))))....)))))...
GACUAUACUUUCAGGGAUCAUAGUGUGUUACUAAACCACGAGGAAGAGAGGUAGCGUUUUCUCCUGAGCGUGAAGCCGGCUUUCUGGCGUUGCUUGGCUGCAACUGCCGUCAGCCAUUGAUGAUCGUUCUUCUCUCCGUAUUGGGGAGUGAGAGGGAGAGAACGCGGUCUGAGUGGU,..................................((((((..((((....(.(((((((((((((..(.(((((...(((((((.(((((((((....)))))).))))))))))..))..))))).((((((((((.....)))))).)))))))))))))))))).)))))))))
GAGGGAGCGCCAUUGCACUCCGGUGCGAAGAACUC,(((((((((((.(.)......)))))...))))))
GGCAACGGUCGAUCCCGUUGC,.((((((((..)..)))))))
GGUUUCAACAUCCCCGUUCGGCGCUCGAAAGAGGUGGCCGGACUGAAGCC,((((((().......(((((((((((.().))))).))))))))))))))
GAUGUACUACCAGCUGAUGAGUCCCAAAUAGGACGAAACGCC,....(.(......(.(..)((((().)...))))).).....
GGAGGGGGAA,....(....)
GCUCUGGAGAGAACCGUUUAAUCGGUCGCCGAAGGAGCAAGCUCUGCGGAAACGCAGAGUGAAACUCUCAGGCAAAAGGACAGAGU,(((((((((((.((((......)))))((((.((((((.((((((((((..)))))))))))).)))()))))....)))))))))
CGGUGAUUGGCGCAGCCUGGUAGCGCACUUCGUUCGGACGAAGGGUCGGAGGUCGAAUCCUCUAUCACCGACCA,(((((((((((((((....(.)))))(((((((....)))))))).)(((((().)..))))))))))))....
CUGGGCGGGCGACCGCCUGG,.((((((((..)))))))).
ACUCGUUUGAGCGAGUAUAAACAGCUGGUUAAGCUCAAAGCGGAGAGCAG,((((((((((()((().))))..)......(.())))))())).......
GCGCGGAUAGCUCAGUCGGUAGAGCAGGGGAUUGAAAAUCCCCGUGUCCUUGGUUCGAUUCCGAGUCCGCGCAC,(((((((((((((((..(())()().(((((((..).))))))).).)(((((()).)..))))))))))))()
GGCACGUGCU,((((()))))
GCCCGGAUGAUCCUCAGUGGUCUGGGGUGCAGGCUUCAAACCUGUAGCUGUUUAGCGACAGAGUGGUUCAAUUCCACCUUUCGGGC,(((((((((..((((((((()))))))((((((((...))))))))(((((((..)))))))((((()).)).)))))))))))))
AGCGAAAUCCUUGUCGGGUAAGUUCCGAC,...(..).....(((((....().)))))
GGCAAGGGCUUCCCGAAUUGUGGAUAGUUCAAUACUCGAAAAAAUUGGAAGUAGGGUAUGUUGCC,((((.(((((((((.....).))).))))).((((((((............))))))))..))))
UCCCCCGUGCCCAUAGCGGCGUGGAACCACCCGUUCCCAUUCCGAACACGGAAGUGAAACGCGCCAGCGCCGAUGGUACUGGGCGGGCGACCGCCUGGGAGAGUAGGUCGGUGCGGGGGA,.((((((((((.(..(((((((((..(((((((()(((((...()))))))())(()))))))))(()(((((((((((((((((((..)))))))))))))))))))))))))))))).
GCAUGUCAUGUCAUGAGUCCAUGGCAUGGCAUG,..(((((((((((((....))))))))))))).
CUGCCGUAUAGGCAGC,((((((...)))))).
GCGGUAGCUCAGCCUGGGAGAGCACCGGACUGAAGAUCCGGGUGUCGGGGGUUCAAAUCCCCCCCGC,(((((((((()(...((.)())((((((((.....)))))())).)(((((()).)..)))))))))
UAACUUCUGUGAAGUUG,.((((((...)))))).
GCCCGGAUAGCUCAGCCGGUAGAGCAGGGGAUUGAAAAUCCCCGUGUCCUUGGUUCGAUUCCGAGUCCGGGCACCA,(((((((((((((((...(.)()))(((((((.....))))))).).)((((((.).)..))))))))))))....
AGGGUUAGGGU,.(((...))))
GAUCCAUUGCACUCCGGAUCCAGGAGAUACCAUGAUCACGAAGGUGGUUUUCCU,(((((.(.)......))))).(((((((.((((.(()....).)))))))))))
ACUCUGGUUUCUCUUCAGAUCGCAUAAAUCUUUCGCACUAAAGAUUUCCGUGGAGAGGAACAACUCUGAGUCCAAUUUUUUGAGGCCUUGCUUUGGCAAGGCUA,(((((((((((((((((.(.((...(((((((((..)..)))))))).)))))))))))))....))))))............(((((((((..))))))))).
CCUGAUUGGUGAGGG,....(.)........
GGUAGACGCUUCGGCGUUUGCC,((((((((((..))))))))))
AUCGCUGAACGCGGGGGACCCAGGGGGCGAAUCUCUUCCGAAAGGAAGAGUAGGGUUACUCCUUCGACCCGAGCCCGUCAGCUAACCUCGCAAGCGUCCGAAGGAGAA,..((((((..((((((((.((..(((((((.(((((((((..)))))))))(((((((((((((())))))))))((.))))).)))))))))))()..)))))))..
UUGACUCGGAUCAA,(((((....)))))
GGCUUAUCAAGAGAGGGCAAGAGACUGGCUUGAUGACCCCCGGCAACCAAAAAUGGUGCCAAUUCCUGCAGAGGAAACGUUGAAAGAUGAGCCA,((((((((..(((.((((.((((((((()())..)))))))(((.(((((..)))).))))).())))((((((..))))))..))))))))).
GGGAAAAAGGAAGAAT,....(.(......)).
GGCCGCGGCAGGUUCGAUCCUGCCGCGAUCG,(((((((((((((....))))))))))))).
AGCUGCGGUCAUAUCCACAGUAGAGCACCAGAACCCGUCAGAUCUCUGAAGUUAAGCCUGUGAGAGCCUGUGGAGUACUUGGGUGGGCGACCACCUGGGAAAUGCAGGUACUGUAGCUU,(((((((((.(..((((((((....(((((((.(((((..())))))(())(())))))))).))((((((((((((((((((.(((..))))))))))))))))))))))))))))).
GGACCCGACGGCGAGAGCCAGGAACGAAGGACC,((.((((.(((((..)))).((.))(.))).))
GCGCAACAUCCCCGCCGGUUGGGCGCAUUGCACUCCGCGCAGUGAACCGGCUGCGCC,((((()....((.(((((((((((((.(.)......)))))))))))))))))))).
GCCAAUGAGGCCGAGGC,(((...(((()))))))
UUAGGCGGCCACAGCGGUGGGGUUGCCUCCCGUACCCAUCCCGAACACGGAAGAUAAGCCCACCAGCGUUCCAGGGAGUACUGGAGUGCGCGAGCCUCUGGGAAAUCCGGUUCGCCGCCACC,.((((((((.(..((((((((().))(((((((.(((((...()))))))())(()))))))))(())((((((((((((((((((.(((..)))))))))))))))))))))))))))...
GGCUCGGCGGCGGA,((...)).((.)).
AUCGUAGCCAAUGAGGUUUAUCCGAGGCGCGAU,(((((.(((...((((.....))))))))))))
AGCAGAGUGGCGCAGCGGAAGCGUGCUGGGCCCAUAACCCAGAGGUCGAUGGAUCGAAACCAUCCUCUGCUACCA,((((((((.(((()(.(.()())((((((((.....))))))))).)(((((()..())))))))))))))....
AGUUGCGGCCAUAUCCACGGAAAAGCACCGGAACUCGUCAGAUCUCCGAAGUUAAGCCUGUGCGAGCCUGGGUAGUACUGAGAAGGGAGACCACUCGGGAAUACCGGGUGCUGCAACUU,(((((((((.(..((((((((....(((((((.(((((..()))))))())(())))))))).))(((((((.((((((((((.(((..)))))))))))).)))))))))))))))).
GCUUAUACAGGGUAGCAUAAUGGGCUACUGACCCCGCCUUCAAACCUAUUUGGAGACUAUAAGU,((((((((((((((((..(..(())))))(...(.))((((((())..)))))))..)))))))
CCCCUUCGUCUAGAGGCCCAGGACACCGCCCUUUCACGGCGGUAACAGGGGUUCGAAUCCCCUAGGGGAC,(((((((((((((.((.(.)()))(((((((...)..)))))).))(((((()).)..))))))))))..
GCCGGGGUGGCGGAAUGGGUAGACGCGCAUGACAUCAUGUGCGCAAGCGUGCGGGUUCAAGUCCCGCCCCCGGCACCA,(((((((((((((((..((.)())))((((((()))))))((....))))(((((()).)..))))))))))))....
AGCUUUGCGCAGUGGCAGUAUCGUAGCCAAUGAGGUUUAUCCGAGGCGCGAUUUGCUAAUUGAAAACUUCCCAAUAGCCGUGACGACUAGUCGGCAUUGGCAAUUUUUGACAGUCUCGAGACUGG,...................(((((.(((...((((.....))))))))))))........(...)...........(((((((((((())))))))).))).........((((((())))))).
GACCUCGUGGCGCAAUGGUAGCGCGUCUGACUCCAGAUCAGAAGGUUGCGUGUUCGAAUCACGUCGGGGUCA,..(((((((((((((.((.)()))((((((((..).))))))))).)(((((()).)..))))))))))...
GAUUGCCCCUCACGAGGGGACAGCUGGUAAUGGGAUACC,....(((((((..)))))))...................
AGAAAUCCGUCUUUCAUUGACGGAACAGAGCAAGCAGGGUGACAUUAUU,......((((((...)..)))))..........................
UUCACAUUCAAGUCUCUU,..........(.).....
GCUACGAAGGAAGGAUUGGUAUGUGGUAUAUUCGUAGC,((((((((((.((((.)(((())()())))))))))))
GAGGUGCCCGAGUGGCGAAGGGAGGUAGGGGGGCCUCCCUCGCGGGCGAAUCCCGCCCUCUC,((((((((((((..(..)))))....((((((())))))))((((()....)))))))))..
CCGGAGGAUCACCACGGG,((((.((....)))))).
GGGAAGAUAUAAUCCUAAUGAUAUGGUUUGGGAGUUUCUACCAAGAGCCUUAAACUCUUGAUUAUCUUCCC,(((((((((((.(((((((.(((.(()))))))((.(()))(((((()(..)))))))))..)))))))))
AUCGAAUCGCCACCUACAAGACUGGAGCUUGCUCCCUCGAAGGCGCCAAGUAUAUUCAUGAUCACAAGACA,.......((((............((((().)))))(..)..))).....(.)...............)..)
GGAAAUUAUAUUAAUUUCC,((((((((...))))))))
GGGCUUGUAGCUCAGGUGGUUAGAGCGCACCCCUGAUAAGGGUGAGGUCGGUGGUUCAAGUCCACUCAGGCCCAC,(((((((((((((((..((..)()))((((((((..).))))))).).)(((((()).)..))))))))))))..
CGGAGAAUGUUAUGGCGCGAAGCGCAGAGAAAACCGG,((((.((((....((((((.)))))()..))))))))
GAAGAUAGCCCAAGAAAGAGGGCAAUAACCAGAUAUAGCCUGG,......(((((........))))..).......(....)....
GGUGGGGACGACCCCAC,(.(((((....))))))
GAGGUGGAGCGCGAAAGCGCUCG,......(((((((..))))))).
GAACCGCGAAAGCGGUUCCACGACGAUACUUAUUUCCUUUGAUCGUCGUUAUUACUGGCUUCGGCCACAAAGGAGA,((((((((..)))))))).(((((((((.((..((((((.))))))))(.).((((((((..)))))).)))))).
GGGGUGGUGGCUCAGAAGGGAGAGCAGCGGCCUUCAGAGCCGCGAGACGGGGGUUCGAUUCCCCUCCGCUCCACCA,((((((((((((()((.((..()()((((((((..).))))))).)))(((((()).)).))))))))))))....
UCCGAUAUAGCGUAACGGCUAUCACAUCACGCUUUCACCGUGGAGACCGGGGUUCGACUCCCCGUAUCGGAGCCA,(((((((((((((((.((..)()))((((((((..).))))))))))(((((()).)..))))))))))))....
GGAAAUUAGGUGCGCUUGGCGUUUUAGUACUCUGGAAACAGAAUCUACUAAAACAAGGCAAAAUGCCGUGUUU,....................((((((((((((((....))))).)))))))))).(((((..).)))).....
UCCCCACGCGUGUGGGGAU,(((((((....))))))).
GGCCGCAUUGCACCUCGCGGCC,((((((.(.)......))))))
GCCGACCGAAAGGCGUGAGAGC,((((((((..)))...))).))
GAGGUAAAAUGGCUGAGAAGCAUUGGACUGUAAAUCUAAAGACAGGGGUUAGGCCUCUUUUUACCA,.(((((((((.(((((.))))((((((.......))))))..)((((((...))))))))))))))
GGAUUUAGCUCAGUUGGGAGAGCGCCAGACUGAAGAUCUGGAGGUCCUGUGUUCGAUCCACAGAAUCCCCAC,(((((((((((((..((.)()))((((((()....))))))))).)(((((()).)..))))))))))....
GGAAACCUGAUCAUGUAGAUCGAAUGGACUCUAAAUCCGUUCAGCCGGGUUAGAUUCCCGGGGUUUCCGC,(((((((((((((.((.(())((((((((.....))))))))))(((((()).)).))))))))))))..
GGUGAGGUGUCCGAGUGCUGAAGGAGCACGCCUGGAAAGUGUGUAUACGGCAACGUAUCGGGGGUCGUAUCCCCCCCUCACCGCCA,(((((((((((((((.(.(()))))(((((((.....)))))))((((((..)))))))(((((.)....))))))))))))....
GGACGAGGAGCGCUGCAAGCGAGAGCCCAGGCUCGUCCGAAACGGCGCUCA,..(((((((((((((((((((..))))))())(()....)))).)))))).
GAGUUCACCGAGGCCACGCGGAGUACGAUCGAGGGUACAGUGAAUU,.(((((((((.((((((((((...))(..)))))))()))))))))
CGGAUAGCUCAGUCGGUAGAGCAGGGGAUUGAAAAUCCCCGUGUCCUUGGUUCGAUUCCGAGUCCGGGC,(((((((((((((.((.)()))(((((((()...))))))))).)(((((()).)).)))))))))...
GGCCGACGGAGGCGCGCCCGAGAUGAGUAGGCUGUCCCAUCAGGGGAGGAAUCGGGGACGGCUGAAAGGCGAGGGCGCCGAAGGGUGCAGAGUUCCUCCCGCUCUGCAUGCCUGGGGGUAUGGGGAAUACCCAUACCACUGUCACGGAGGUCUCUCCGUGGAGAGCCGUCGGU,.(((((((((((.(((((((((((((((((((((((((((((((((((()().))))))))))))))(())))))))))()((((((((((((())))))))))))))).)))(((((((((((()).))))))))))))((((((((((..))))))))))).)))))))))
GGAGUGAAGGAGGCUCGCGAACUCGCGAAGCCGAGAAACUUCACUCCC,((((((((((((((((((......))).)))))....)))))))))).
GGCAGAGAAACACACGAUCGUGGUACAUUACCUGCC,((((((((((.(((((()))))).).))))))))))
UUUUUUUGAGCACGUGA,.....()....()....
CUGGGUCGCAGUACCCCAGUUAACAAAACAAG,(((((((((((..(())()....)))))))).
AUUUUUGUGCCCAUCGUUGGCACGCGUGCUGGAUUGCUUCGAUGGUCUGC,()....((((((...)..)))))...................()...(.)
CCUGCUUUGCCGCAGG,(((((......)))))
AGGGACUAGC,.()....().
CGUGGUUAGGGCCACGUUAAAUAGUUGCUUAAGCCCUAAGCGUUGAU,((((((((((())((()))))..)........())))))()).....
UUACUGUGAGAAUCAGUAACAAACAUGUGGGGCUUAUAUCUAAUCUUCGGAUUAGUAUUAGUGCAGACGUUAAAACCAUGU,((((((((..)(())))))((......).)((((.((()(((((((..))))))))))))))().)..(..).........
GUCACGCACAGGGCAAACCAUUCGAAAGAGUGGGACGCAAAGCCUCCGGCCUAAACCAUUGCACUCCGGUAGGUAGCGGGGUUACCGAUGG,..((((.((.(.(((.((((((((..())))))).(())()((((((((((((((((.(.)......))))))))))))))))..)().))
CGCGGGGUGGAGCAGCCUGGUAGCUCGUCGGGCUCAUAACCCGAAGGUCGUCGGUUCAAAUCCGGCCCCCGCAACCA,((((((((.(((((....((..()))(((((.(.....).))))))).)(((((()).)..))))))))))).)...
CAUACUUGAAACUGUAAGGUUGGCGUAUG,((((((..((((((..)))))).))))))
GAUGAGACGCGUUUUAGAGCUAGAAAUAGCAAGUUAAAAUAAGGCUAGUCCGUUAUCAACUUGAAAAAGUGU,..........((((((..(((((..)))))....)))))).(((((.).))).....((((((..)))))).
GGACCGGUAGCCUAGCCAGGACAGGGCGGCGGCCUCCUAAGCCGCAGGUCCGGGGUUCAAAUCCCCGCCGGUCCGC,(((((((((((((((.()((..)))()((((((.......)))))))..)(((((()).)..))))))))))))..
UUUAGUUUUUAGUUUUUAGUUU,................()....
GUCUCGUCCCGUGGGGCUCGGCGGUGGGGGAGCAUCUCCUGUAGGGGAGAUGUAACCCCCUUUACCUGCCGAACCCCGCCAGGCCCGGAAGGGAGCAACGGUAGGCAGGACGUCGGCGCUCACGGGGGUGCGGGAC,(((((((((((((((((.((((((((((((.((((((((((.(()))))))))(())))))())((((((((...((((((((((((..)))))))))))))))))))))))))))).)))))))...))))))))
CCAGGAUGUUGGCUUAGAAGCAGCCAUCAUUUAAAGAAAGCGUAAUAGCUCACUGGU,(((((((((.((((.....(())))..)))((.))()((((((..))))))))))).
GCCCGGAAGCUCAGUUGGGAGAGCAGGGGAUGAAACCCCGUCCUUGGUCGAUCCCGAGUCCGGGCACCA,((((((((((((((...(.)))))(((((......)))))))(((((().)..))))))))))))....
CACUGCCGUAUAGGCAGC,..((((((...)))))).
AAUUUCUACUGUUGUAGAUGAGAAGUCAUUUAAUAAGGCC,.(((((((()...)))))).....................
UUUUUUUUUU,.().......
ACGGAAACGCUUUCUAGCUCGCUAUAAUUACC,..()............................
CUGUGUCGAUCCACAG,((((((..)())))))
GGCUGAGUAGCUCAAUGGUAGAGCAUACCGUUCAUAACGGUAUUGUCUGUGUUCGAUCCACAGCUCAGCCACCA,(((((((((((((((.((.)()))((((((((..).))))))).))(((((()).)..))))))))))))....
CUUUAGAGAUCGUUUCGAAUGAUAAUCGUUCGAAACGUUCUCCGAAGC,((((((((((((((((((((.......)))))))))))))))))))).
GCCUAAGACAGCGGGGAGGUUGGCUUAGAAGCAGCCAUCCUUUAAAGAGUGCGUAACAGCUCACCCGUCGAGGC,(((...((((((((((((((.((((.....(())))..)))((())()((((((..))))))))))))))))))
GGGUACGACCAUACUUGGCCGGUGCACCACAUCCCGUCCGAUUUGUGAAGUUAAGCGGCCACAGGCCUCGUUAGUACGGCGAUCAGUGGCGCUGGAACCCGGGGUGCUGCAAUC,(((((((((((.)((((((((.).(((((((((((((..()))))))())(())))))))).))((((((((((((((((((.((.))))))))))))))))))))))))))))
GCUUCCGUAGUGCAGCGGCUAGCACGUUAGGCUCAUAAUCUAAAGGUCCUUGGUUCGAAACCAUCCGGGGGCACCA,((((.((((((((((.((..)()))((((((((..).))))))))).)(((((()).)..))))))).))))....
GGAACUGAGCAGGCAAUGACCAGAGCGGUCAUGCAGCCGGGCUGCGAAAGCGGCAACAGAUGAUACACGCACAUCUGUGGGACAGUUCCCAC,((((((((.(((((.(((((((..).)))))(().)))).((((((..))))))((((((((((....).))))))))).)))))))))...
AGGACUGAAAUCCU,.((((....)))).
GGCGUUGCCGGUCUGGCAACGCC,((((((((((..).)))))))))
GGCGGUCCCAGACGACC,(((((......))))))
GGCCUAAAAGCAUAGUGGGAAAGUGACGUGAAAUUCGUCCAGAUGCGAAAGCAUACGGUUAUACUCCGAAUGCCACCUAGGCCA,((((((..(((.)(((((...((.((((((..)..)))))(((((((..)))))(((((.()))))))).))))))))))))).
GCCCGGAUAGUGUCCUUGGGAAACCAAGUCCGGGCACCA,((((((((.......(.((....)).)))))))))....
CAUGAGGAUACCCAUG,((((.((...))))))
GGCCAUAUAACUGCGUGGAUAUAGCACGCAGGUUUCUACCGGGCACUGUAAAUGUCCGACUAUGGUC,(((((((((.(((((((.(((.(()))))))((.(()))(((((())())))))))))..)))))))
GUGCGAAGGGACGGUGCGGAGAGGAGAGCAC,(((((..(((..((.(.((.())).))))))
GGCUUCAUAUAAUCCGAAUGAUAUGGUUUCGGAGCUUCCACCAAGAGCCUUAAACUCUUGACUAUGAAGUC,(((((((((((.(((((((.(((.(()))))))((.(()))(((((()(..)))))))))..)))))))))
GGGCUGAGUUUUUACAUGACAAAGUUUUUAACGAGGCAGCGGCGAAAGUCGCUGUACUCUUUUCUUUGUCAUGGUUUUCUCAGCC,.(((((((.....(((((((((((......(.((((((((((((..))))))))).)))....)))))))))))....)))))))
GGAUUUGACGG,....().....
AUGGCCGGCAUGGUCCCAGCCUCCUCGCUGGCGCCGGCUGGGCAACACCAUUGCACUCCGGUGGUGAAUGGGAC,..(((((((...((((((((((((..)..)())))))))))(()(((((.(.)...().)))))).))))))))
AGCCCCGAGGGGAU,..((((()))))..
GGGUCGUUAGCUCAGGAGAGCAGUUGACUUUUAAUCAAUUGGUCGCAGGUUCGAAUCCUGCACGACCCACCA,.(((((((.(((()(((()))((((((...()..)))))))).)(((((()..)..))))))))))).....
GAUAACUGAAUCGAAAGACAUUAUCACG,((((.....((((..))))..))))...
GGGGGCCAGAUGUCAUGUCUCUCAAGCCUAGGAGACACUAGACACUCUGGACUAUCGGUUAGAGGAAACCCCCCCAAAAAUGUAUAGGC,((((((((((((((((((((((((.(((()()))))))).)))).))))).(((........))).....))))).........)))))
UUGUAAAAAAGUUUUAGAGCUAGAAAUAGCAAGUUAAAAUAAGGCUAGUCCGUUAUCAACUUGAAAAAGUGUC,..........((((((..(((((..)))))....)))))).(((((.).))).....((((((..))))))..
CCCCUUCGUCUAGAGGCCCAGGACACCGCCCUUUCACGGCGGUAACAGGGGUUCGAAUCCCCUAGGGG,(((((((((((((.((.(.)()))(((((((...)..)))))).))(((((()).)..))))))))))
GUUGCCGAAUCCAUGUCGUUUGGUACGGAGGAACCGCUUUUUGGGGUUAAUCUGCAGUGAAGCUGCAGUAGGGAUACCUUCUGUCCCGCACCCGACAGCUAACUCCGGAGGCAAUAAAGGAAGGAG,..((((((.((((((...))))))((((((((.((...()(.(((((((.((((((((...))()))))((((((.((((((()))))))))(()))))).))))))))))))...).))))))..
GGCAUCGUGCCUCGCAUUGCACUCCGCGGGGCGAUAAGUCCUGAAAAGGGAUGUC,(((((((((((((((.(.)......)))))))().))).((((..))))))))))
GGCUAUGAGCUCAGUUGGUAGAGCACCGCACUCAUAAUGCGGGGGUCACAAGCAAGUCUCGUCAUAGCCACCA,((((((((((((.(...(.(()))(((((((.....)))))))))))((((()....))))))))))))....
UGCAUUUAAUGCA,(((((...)))))
AAGUUUGCUAGGGUUCCGCGUCAUAGGUGGUCUGGUCCAAGAGCAAACGGCUUUCACAAAGCCACACGGAAGGAUAAAAGCCUGGGAGAU,(((((((((((((((((((((((.)))))(.)))))))))(.))))))((((((..).))))))()((((((((()))).))))))))..
GGCCCGGAUGGUGGAAUCGGUAGACACAAGGGAUUCCCUCGGCGUUCGCGCUGUGCGGGUUCAAGUCCCGCUCCGGGCACCA,.(((((((((((((((..((.)())))((((((.))))))((((....))))))(((((()).)..))))))))))))....
GAACCCUCUCUUCCGAAGCGAGCCGGGGGCGGUGGGAGCCCGGUGAAGACGGUUCC,(((((((((((((..((((((((((((...))().)))))))))))))).))))).
GAUGGCAAGAUCCUGGUAUGCUGGGGAGCCUGAAAAGGCUACCUAGCAAGACCCCUUCGUGGGGUCGCAUUCUUCACCCCCAGGGGGUUC,...................((((((((((((....)))))))))))).((((((.(..)..))))))........((((((.))))))..
GGGUUUUUCCUUCGAAACACGAAGGUUUUUAUCCCUGCC,(((.....((((((.(..))))))).......)))....
GGGGUAGUGAUUUUACCCUGGAG,((((((.......))))))(.).
AUGCUCAUGCACUGCAUGAAUGCCCCU,.(.((((((.....)))))).).....
AAUUUCUACUAAGUGUAGAUGGAAAUUAGGUGCGCUUGGC,.(((((((()....))))))....................
GGGUCGUUAGCUCAGUUGGUAGAGCAGUUGACUUUACAAUUGCGCAGGUUCGAAUCCUGCACGACCCACCA,((((((((((((()...((.)))))(((((.((.)))))))).(((((()).)..))))))))))))....
CUGAUAACUUACAGGACGCUUUGGCUUCAUUGCUUUUCAGGUGAACUGCCGAGUAGGUAG,.............................................((((((...))))))
GGGUACUUAAGCCCACUGAUGAGUCGCUGGGAUGCGACAAAACGCCCA,.........(.....((().)((((((()..).)))))).).......
GCCGGGCGCGGUGGCGCGCGCCUGUAGUCCCAGCUACUCGGGAGGCUGAGGCAGGAGGAUCGCUUCGCUAUGCCGAUCGGGUGUCCGCACUAAGUUCGGCAUCAAUAUGGUGACCUCCCGGGAGCGGGGGACCACCAGGUUGCCUAAGGAGGGGUGAACCGGCCCAGGUCGGAAACGGAGCAGGUCAAAACUCCCGUGCUGAUCAGUAGUGGGAUCGCGCCUGUGAAUAGCCUAGCGAGACCCCGUCUC,((((((((((((((())))))))...)((((.))..)..))))))).((((((((((.(((((((.((((((...(.(.(((((((.((((.((((((((((((((((((((((((((((..(()))))))))))(.)())).((.))()((((((.....(((((((((((..)))))))))))).))))))))))))))))))..))))))...)).))).)).))())))))))))))))))))))
GAGGACCUAGAUCACCCCUC,(((((.(..).....)))))
CGGCACGUAGCGCAGCGGUAGCGCACCGUCAUGGGGUGUCGGGGGUCGGAGGUUCAAAUCCUCUCGUGCCGACCA,(((((((((((((((.((()()))((((.(.......).)))))).)(((((()).)).))))))))))))....
GGCGCGUAACAAAGCGGAUGUAGCGGAUGCAACCGUCUAGUCCGGCGACUCCGGAACGCGCCUCCA,(((((((((((((((.())))(((((.(..).))))).))((((()..))))))))))))))....
GGACGAUGGCGAAACUGCAUGAGGCAAUUCAUGCAAGUCCCUCGUCC,((((((.((.((((((((((((()....))))))())))))))))))
GGAGCGGGCGGGUUCGAGUCCCGUCCGUUCC,(((((((((((((...)..))))))))))))
CACCCCAAUAUCGAAGGGGACUAAAACGACAAUCAAACUC,.(((((.(...)...))))..)..................
GAGCGUGCCGGGCACGCUCCGG,(((((((((.)))))))))...
GCCGAAAUACUCGGGGAGAGCAGAUAAACUAAAGUCCUGGCGUCCCGGGUUUCGGCACCA,(((((((((((((.(.)))).((.(.).)).....)(((()...)))).)))))))....
GCAUCGAUCCGGCGAUCACCGGGGAGCCUUCGGAAGAACGGCCAGGCCCAGUAGAACCGAACGGGUUGGCCCGUCACAGCCUCAAGUCGAGCGGCCGCGCGAAAGCGUGGCAAGCGGGGUGGCACCGCGGCGUUCGCGCGAAAGCGUGGCGUCGUCCCCG,((...((((((((..(.)))))))))).((((((.((((((((.))))))())).))))))((((.((((()().).)))))..(((...(.(((((((((..)))))))))(.(((((..(()))(((((((.((((((..))))))))))))))))))
GCUUAUCAAGAGAGGGGGAGUGACUGGCGCGAAGAACCCCGGCAACCAGAAAUGGUGCCAAUUCCUGCAGCGGAAACGUUGAAAGAUGAGCCG,(((((((..(((.(((((((((((((()())..)))))))(((.(((((..)))).))))).())))((((((..))))))..))))))))..
UAUGCGCAUAACGCCACAGAG,((((()))))...........
GCCGCCGCUGGUGCAAGUCCAGCCACGCUUCGGCGUGGGCGCUCAUGGGU,......((((((.(()(.)))))((((((..)))))))..()).))....
GUGGUAAUGCGAUUGCCAGGUAACAAAUCAAUCCUCCCACGGUGAGCUUUCUUUCACCAUAAUCCAUCUCCGGCUUUGCUGGGGCUUGGGCCUUUUUACUUCUCGCGUUGUUCGGGGGCUCAAGAUUGAAAAAUGCAGCUCUCGUACUGUUUGUUGUGAGUUCUAUUAAAGCAAAAACCUGGGG,((((.(()))....((((((((((((.(((((((((((((((((((((...)))))))(((((((((.((.(.......)(.).((((((((((()(...(((..)(.))))())))))))))))))))))).).(((((.....))().)))))).))))))..))......)))))))))).
GGCGCUGCGCGCAGUGUU,((((((((()))))))))
GCAGAUCUGAGCCUGGGAGCUCUCUGC,((((((..(((((...).)))))))))
UCCAGUAGGAACACUAUACUACUGGAUAAUCAAAGACAAAUCUGCCCGAAGGGCUUGAGAACAUACCCAUUGCACUCCGGGUAUGCAGAGGUGGCAGCCUCCGGUGGGUUAAAACCCAACGUUCUCAACAAUAGUG,((((((((((.(((((()))))()()..)..))..(.((..((((((...).(.((((((((((((((.(.)......)))))))..((((.)))))))))((((((((....)))))))))))))))).))))))
AAAAAGGAAAUGAAAGUUGGAACUGCUCUCAUUUUGGAGGGUAAUCACAACA,...............(((((.(.(((((((......))))))))..))))).
GGCCGGCAUGGUCCCAGCCUCCUCGCUGGCGCCGGCUGGGCAACACCAUUGCACUCCGGUGGCGAAUGGGAC,(((((((...((((((((((((..)..)(()))))))))(()(((((.(.)...().))))))..)))))))
GGGAUCUGUCACCCCAUUGAUCGCCUUCGGGCUGAUCUGGCUGGCUAGGCGGGUCC,.((((((((((((((((.((((((((..))))()))))))(.))(.))))))))))
GGCCCGGAUAGCUCAGUCGGUAGAGCAUCAGACUUUUAAUCUGAGGGUCCAGGGUUCAAGUCCCUGUUCGGGCGCCA,(((((((((((((()..(.).)()()(((((((((..))))))))))..((((((....).))))))))))))).))
UCCCCACGCGUGUGGGGAU,(((((((....))))))).
GACACUAAGUUCGGCAUCAAUAUGGUGACCUCCCGGGAGCGGGGGACCACCAGGUUGCCUAGAGGGGUGAACCGGCCCAGGUCGGAAACGGAGCAGGUCAAAACUCCCGUGCUGAUCAGUAGUGU,.((((((.((((((((((((((((((((((((((((((()))))))))))))))))()).(..((((((..((((((((((((((.))))))))))))))))))))).)))))))))..))))))
GGACCUCGGCGAAAGCCGUUCGACCAGCGAAAGCUCUUAGACAGGAGGUUAGGUGCUCCGAAAGGAGCACU,(((((((((((..))))(.((((.(((((...)))))())))..)))))))(((((((((..)))))))))
AUAAUUUCUACUGUUGUAGAUAGAUUAAAAGGUAAUUCUAUC,..(((((((()...))))))......................
GGCUUCAUAUAAUCCGAAUGAUAUGGUUUCGGAGCUUCCACCAAGAGCCUUAAACUCUUGACUAUGGAGUC,(((((((((((.(((((((.(((.(()))))))(..((.))(((((()(..)))))))))..)))))))))
GGACCUCGCAAGGGUAUCAUGGCGGACGACCGGGUUCGAACCCCGGAUCCGGCCGUCCGCCGUGAUCCAUGCGGUUACCGCCCGCGUGUCGAACCCAGGUGUGCGAGGUCC,((((((((((((((((((((((((((((((((((((((.(.).)))))))))))))))))))))))(((((((((.(((())))))))....)))))))).))))))))))
GCAGACUAAUCUGC,((((((..))))))
GGCGCGUUAACAAAGCGGUUAUGUAGCGGAUUGCAAAUCCGUCUAGUCCGGUUCGACUCCGGAACGCGCCUCCA,((((((((((((((((((..))))((((((((..).))))))))))(((((()).)).))))))))))))()..
UCCGCGGUAGCUCAGGGAGAGCAGCCGGCUGUUAACCGGUAGGUCGCAGGCGAGUCCUGCCCGCGGAGCCA,(((((((((((((((.()()()(((((((.()..))))))))).)((((()....))))))))))))....
UUAAUAUUUUUAUUUUU,.(((((....)))).).
AGAACGUCGUGAGACAGUCG,.(.((((((..)))).))).
GGCUCUUUUCAGAGCC,((((((....))))))
GCGCGGCGAUUUAACCGUAUUGCAGUCGCGUGAUAAAUGUAGCUAAAAAGGA,.((((((((((((.(((((((((()))(()..).)).).)))))))))))).
GGUCCUAGGCUACACACUGAGGACUUGUUCCUCCCCUUUCCGCCUAGGG,..((((((((........((((((..).)))))........))))))))
CUGCGGCUAAGGCAUGAAAGUGCUAUGCCUGCUG,((((((((((((((((..))))))))))).))))
UUUUUAAUGAAGCCACAGGCCUGUGAGGGUCCUAAGCCCCUAAUUCAGAAGGGAA,((((.((((((((((((()))))(((((((((()())))())))))))))).)).
GCGCUCGUAGCUCAAUUGGAUAGAGCAUUCAGAAGGUUAGGGGUUCGAAUCCUCUCGAGCGCGC,(((((((((((((((...(..)())).(....).)).)((((((.).)..))))))))))))..
GGGCGAUGAGGCCCGCCCAAACUGCCCUGAAAAGGGCUGAUGGCCUCUACUG,.(((((.(((((()))(..))..((((((..))))))).(()))))))....
UAGGGAAUAGUUUAAAAAACAGCUGACUUUCAAUCAGCAGAUGGAGGUUCAAUUCCUCCUUCCCUAACCA,((((((((((((((()()))((((((((..).))))))))))((((((...)..))))))))))))....
GGCGACCCUGAUGAGGCCGAAAGGCCGAAACCGU,...........((((((((..)))))))).....
GGAGUAGCGCAGCCCGGUAGCGCACCUCGUUCGGGACGAGGGGGGCGCUGGCAGAUCCAGUCUCC,((((((((((((....())()))(((((((.....))))))))).)((((()....)))))))))
GCUGCGGUGUGGAAGGAGUGGCUGGGUUGCGCAGC,(((((((((.((..(()(.((..)))..)))))))
GCUGAUAUAGCUCAGUAGAGCGCACCCUUGGUAAGGGUGAGGUCGGCAGCGAAUCUGCCUAUCAGCACCA,((((((((((((()(.)()))((((((((...)))))))))).)(((((.().)))))).))))))....
GCGCGGCACCGUCCGCGGAACAAACGG,.((((((.(((.(())).)..))))))
GAGGGAGAGGUGAAGAAUACGACCACCUAGGUACCAUUGCACUCCGGUACCUAAAACAUACCCUC,(((((((((((((.(..)(((.)))))((((((((.(.)......))))))))..))))))))))
CUCUGACCGAAAGGCGUGAUGAGC,..(((((((..)))...))))...
AUUUUUGUGCCCAUCGUUGGCACUAUUAAGGAAUGGAAUAUAG,.(.)..((((((...)..)))))....................
AAGGACUAGC,..()......
UAUUUAUUUA,......()..
ACGAGAACAUACGUUCUUUGAACCAAGCUUCA,...........()...................
GGUCUAGAGGACAGAAUUCAACGGGUGUGCCAAUGGCCACUUUCCAGGUGGCAAAGCCCGUUGAGCUUCGAAGUGGCACCAGAACCGGAGGACAAAGUC,(((((..).))))....((((((((((((((...(((((((.....)))))))..)))))))))((((())))))))))....................
GGUUGGCGUAGGCUACAGAGAAGCCAACC,(((((((((.(......))..))))))))
CUGGUAGUUAUGGCGAGAAGGUCACACCCGUUCCCAUCCCGAACACGGUAGUUAAGCUUCUCUGCGCCAAUGGUAGUUGGGGGCUUCCCCCUGCGAGAGUAGGUCGCUGCCGGG,((((((((.(..((((((((((.)((((((()(((((...())))))(())())))))))))(()((((((((((((((((((...))))))))))))))))))))))))))).
GGCGAGGUUCUGUCUUUUGGUCAGGACAACCGUCUAGCUAUAAGUGCUGCAGGGGUGAGAAACUCCUAGCUGGACGAUGUCUCGAGGCAUUAGCACCGGGGAGAAGUCAUUUAAU,((((..(((((((((..).)))))))).)))(((((((((.(.(((((..((((((.....))))))))))))))(((((((()))))))))))))...................
GGAAUUGCGGGAAAGGGGUCAACAGCCGUUCAGUACCAAGUCUCAGGGGAAACUUUGAGAUGGCCUUGCAAAGGGUAUGGUAAUAAGCUGACGGACAUGGUCCUAACACGCAGCCAAGUCCUAAGUCAACAGAUCUUCUGUUGAUAUGGAUGCAGUUCA,.....((((((((.((((((.((.((((.((((((((((((((((((((((())))))))))(((((..())))..).)().(.)))))))))))().))))))))))))))(((.((((((()((((((((.....))))))))))))))).)))...
GGGGGAGCCGAAAGGCGAAGAACCCA,((((((((((..)))))..)))))).
UAAGGUGGUUAUUGCGGCGGGGCUCACCUCUUCCCAUCCCGAACAGAGAAGUUAAGCCCGCUUGCGCAGAUGGUACUGCAGUUUUGUGGGAGAGUAUGUCGUCGCCUUUC,(((((((((.(..(((((((((..(((((((((((((...())))))())))()))))))))(()(((((((((((((((....))))))))))))))))))))))))).
GCUGGGUUUUUCCUUCGAAAGAAGGUUUUUAUCCCAGUC,((((((.....((((((..)))))).......)))))).
GGGUCUCGCGGAACCGGUGAGUACACCGGAAUCCAGGAAACUGGAUUUGGGCGUGCCCCCGCGAGACC,.((((((((((((((((((.()())))))((((((((..)))))))))((((..))))))))))))))
GGGAGAUGAAAGUCUCCAGGUCUCUCGGAAA,.(((((((..)))))))..............
GCGGAAGUAGUUCAGUGGUAGAACACCACCAAGGUGGGGGUCGCGGGUUCGAAUCCCGUCUUCCGCUCCA,(((((((((((((((.((.)()))((((((..)))))))).)(((((()).)..))))))))))))....
GGCGACCCUGAUGAGGCCGAAAGGCCGAAACCGU,...........((((((((..)))))))).....
GGAAAGUGUGUCUAGGGUUCCGCGUGCUUCGGCACGGACUGGUCCAAGUGACACAGACGCAUUCGUGCGUUACACCGGAGGGAUAGAAGCCCAGGCGGGUAGGUUU,..((((((((((((((((((((((((((..))))))(.)))))))))(.))))))(((((((..)))))))(()(((((((((()))).)))))))))(.).))))
CCAUGGUGUAAUGGUUAGCACUCUGGACUUUGAAUCCAGCGAUCCGAGUUCAAAUCUCGGUGG,(((((((((((.((..)()))((((((((..).))))))))))(((((()).)..))))))))
GGCGCGGGGUACCGGGCUUGGUAGCCCGGGGCUUCGGCCGAGGGCGAGAGCCCUCGGGGUUCGAUUCCCCCCCUGCGCCGC,(((((((((..(((((((((())))))))(((....)))(((((((..)))))))((((()).)).)))))))))))))..
GGGUCCGCCUUGAGUGCCCGGGUGAGAGCAUGAUCCCGGGUAAUUAUGGCGGACCCACAG,(((((((((......((((((((((......))))))))))......)))))))())...
AAGCCUCGUAGAG,....((((.))))
GCCCGGAUAGCUCAGCUGUAGAGCAUCAGACUUAAAAUCUGAGGGUCCAGGGUUCAAGUCCCUGUUCGGGCGCCA,((((((((.((((((..(.)()))(((((((.....))))))))).)((((((.).)..))))))))))))....
GGGAAGAUAUAAUCCUAAUGAUAUGGUUUGGGAGUUUCUACCAAGAGCCUUAAACUCUUGAUUAUCUU,...((((((.(.(((((((.(((.(()))))))((((..))(((((()(())))))))))))()))))
GGAUCACGAGGGGGAGACCCCGGCAACCUGGGACGGACACCCAAGGUGCUCACACCGGAGACGGUGGAUCCGGCCCGAGAGGGCAACGAAGUCCGU,(((((..(((((((..)))))(((.((((((((((((.())(()().)))..((((((..)))))))))))((((((..)))))).)..).)))))
GGGUCGUUAGCUCAGGAGAGCAGUUGACUUUUAAUCAAUUGGUCGCAGGUUCGAAUCCUGCACGACCCACCA,((((((((.(((()((.()))((((((.......)))))))).)(((((()..)..)))))))))))()...
GGGCGGCCUUCGGGCUAGACGGUGGGAGAGGCUUCGGCUGGUCCACCCGUGACGCUC,((((.((((..))))()(((((((((((.((((.)))))))))))).)))())))))
GAGUACGACCAUACUUGAGUGAAAACACCAUAUCCCGUCCGAUUUGUGAAGUUAAGCACUCACAGGCUCAGUUAGUACUGAGGUCAGUGAUGACUCGGGAACCCUGAGUGCCGUACUC,(((((((((.(..(((((((()...(((((((((((((..()))))))())(())))))))).))((((((((((((((((((.(((..)))))))))))))))))))))))))))))
ACCGGGAUGGCCGAGUGGUUAAGGCGUUGGACUUAAGAUCCAAUGGGCUAGUGCCCGCGUGGGCGAACCCCACUCUCGGUACCA,(((((((((((((((..(.)))))((((((((.....)))))).)((((..))))).)((((()....))))))))))))....
GUACUAGAUUGGUCGAAAGGCUAAUUGAUGAC,....(((((((((((..))))))))))..)))
GUUCUUGCUUCAACAGUGUUUGAACGGAAC,(((((.(.((((((...).)))))))))))
GCGGGGGGAGCAGCCUGGUAGCUCGUCGGGUCAUAACCCGAAGGUCGUCGGCAAAUCCGGCCCCCGCAACCA,((((((.((((((....(.)()))((((((......)))))))).)((((()....))))))))))).....
GGUAAGUGUACUGGAAAGUGCACUUGCC,((((((((((((()..))))))))))))
GUCUACCUAUCGGGCUAAGGAGCCGUAUGCGAUGAAAGUCGCACGUACGGUUCUAUGCCCGGGGGAAAAC,...(((((..((((((()((((((((((((((((..))))))..)()))))))))))))))))()))...
UCAUCGAAUCGCCACCUACAAGACUGGAGCUUGCUCCCUCGAAGGCGCCAAGUAUAUUCAU,......((((.....((.(.(...).).))..)))...(..()...)...........)..
GGCGGUUGCAGGUCUGCACCGCC,(((((.(((((..))))))))))
GACGGGAGCUGAACCAUCCAGCGAAGAACGUCCCGACGGAUGGUUCGUCG,(((((((((((.......)))))..))))))).(((((.......)))))
UCUGGUGACUAUAGCAAGGAGGUCACACCUGUUCCCAUGCCGAACACAGAAGUUAAGCUCCUUAGCGUCGAUGGUAGUCGAACUUACGUUCCGCUAGAGUAGAACGUUGCCAGG,((((((.((.(..(((((((((...).(((((.(((((...()))))))())(()))))))))(()((((.(((((((((((((.).)))))))))))).))))))).))))))
AUGUUCUGUGAACAC,((((((...))))))
GGGGUAUCGCCAAGCGGUAAGGCACCGGUUUUUGAUACCGGCCGCAGGUUCGAAUCCUGCUACCCCAGCCA,((((((((((((((.((.)))))((((((((...)))))))))(((((()).)..))))))))))).....
GGACAGAGUAGGUAAACGUGCGUAAAGUGCCUGAGGGACGGGGAGUUGUCCUCAGGACGAACACCGAAAGGUGGCGGUACGUUUACCGCAUCUCGCUGUU,.........((((((((((((((.)((.(((((((((((.((((.)).))))))))).))((((((..)))))))).)))))))))))..))))......
GUUGAAAUCAGA,..(..)......
AUAAACCGACGGUAUUGUUCAGAUCCUGGCUUGCCAACAGGAGUUCCCCGCGCCAGCGGG,.......()...................................()((((((...)))))
GGGGCCUUAGCUCAGCUGGGAGAGCGCCUGCUUUGCACGCAGGAGGUCAGCGGUUCGAUCCCGCUAGGCUCCACCA,((((((((((((()(..((.)()))((((((.......)))))))).)((((((()))..))))))))))))....
GCUUGGGGAGUAGCCUGCUUUCGGAAACGAAAGCGCCUGUAUCAACAUACUCGGCGAAAGCCGUGGUGCAGGACCGAAAGGUCUGGCGAGACCAGGCC,((((((((((((((((((((((((..))))))))(((((((((()......(((((..))))))))))))))((((..)))).)))))))))))))).
GCCCCUGCCUGCCUGCAGCUAAGGAUGAAAGUCUAUGCUGCCUGCCUGCCUGGGC,((((((((((((((((((((()(((((..)))))).)))))))))))))))))))
GGCCCGGGGCGGUUCGAUUCCGCCCUGGGCCACC,(((((((((((((...)..))))))))))))...
CCGGGGAUCACCACGG,((((((....))))))
GGAGCGGUAGUUCAGUCGGUUAGAAUACCUGCCUGUCACGCAGGGGGUCGCGGGUUCGAGUCCCGUCCGUUCCGCCA,((((((((((((()(..((..)()))(((((((.....))))))))).)(((((()).)..))))))))))))....
GGCCGCCGCCACCGGGGUGGUCCCCGGGCCGGACGAUCCGGCGCGCCCCGAGUGGGGCGCGGGGUUCAAUUCCCCGCGGCGGCCGCCA,(((((((((..((((((((()))))))(((((((.)))))))(((((((....)))))))((((()).)).)))))))))))))....
GGGAAAUUAGGUGCGCUGGGGGUUUCAGUUGCGCCGAAAGGCGCUCUGUAAUCAUUAAAAAGUAUUUUGAACGGACCUCUGUUUGACACGUCUG,.....................(((((((((((((((..)))))))))))))).(((..).)).((.()...(((((((((((...))).)))))
GCUGAUAUAGCUCAGGGAGAGCGCACCCUUGGUAGGGUGAGGUCGGCAGCGACUCUGCCUAUCAGCACCA,((((.((((((((.(..)()))(((((((....))))))))).).((((.....))))..))))).)...
GGUGGGGUUCCCGAGCGGCCAAAGGGAGCAGACUGUAAUCUGCCGUCAUCGACUUCGAAGGUUCGAAUCCUUCCCCCACCACCA,((((((((((((()((((..(())))(((((((....)))))))(((...))))))((((((().)).))))))))))))....
GGUGCCAGGUAACGCCUGGGCGGGGUAACCCGACGGAAAGUGCCACAGAGAAGAGACCGCCAGCGGCCGGGGCCCCGGUGCGGGCAAGGGUGAAACGGCGGGGUAAGAGCCCACCGCCUGGCCUGGCAACAGGCCGGGGCACGGCAAACCCCACC,(((((((((.....))))(((((((..))))).)(((..((((((.(((((..).((((((.(((((((((()))))))()))())))))()).).(((((((.)).)())))(((((((((((((..)))))))))()))))))(.))))))))
GGAAGUAGAUGGUUCAAGUCCAUUUACUUCCACCA,(((((((((((((...)..))))))))))))....
GGUGCUAAGAUUAAUCAGGAUGUUUUUGUACUCGAAAGAAGCUACAAAGAUAAGGCUUCAUGCCGAAAUCA,.....................(((((((((((((..))))()))))))))).((((((.).))))......
UCCCCACGCGUGUGGGGAUG,.((((((....))))))...
CAAUUUGAAACAAUACAGAGAUGAUCAGCGGUUCCCCUGCAUAAGGGGAACCGUUUUACAAAGAGUUUU,((((((((..................(((((((((((((...)))))))))))))..))))))))....
CCGGACGAGGUGCGCCGUACCCGGUCAGGACAAGACGGGC,((((((((((((()(((((())(().).(..).)))))))
GGCGGCUAAAGAGUGCAGAGUUACUUAGUUCACUGCAGACGC,.((((((..((..)((((.(.((((.)).))))))))))())
CCCCGAGAGGGGGUUUUUUUUUUUUUUUUU,((((....))))..................
AGCAGAGUGGCGCAGCGGAAGCGUGCUGGGCCCAUACCCAGAGGUCGAUGGAUCGAAACCAUCCUCUGCUACCA,((((((((((((().(((()))))(((((((....)))))))....((((((.)))))))))))))))))....
GGCACCUGACCCCAUGCCGAACUCAGAAGUGCCC,(((((((((((((((...()))))))..))))).
GCAGGGGUCGCCAAGCCUGGCCAAAGGCGCUGGGCCUAGGACCCAGUCCCGUAGGGGUUCCAGGGUUCAAAUCCCUGCCCCUGC,((((((((.((((((...((.((())))(((((((.(.).)))))))((((..)))))))()(((()).)..))).))))()))
GGGGGCUAAGCGGUUCGAUCCCGCUUAGCUCCACCA,((((((((((((((...)..))))))))))))....
AAGCAGCUUUACAGAUCAAUGGCGGAGGGAGGUCAACAUCAAGAACUGUGGGCCUUUGCCUAUAGAACUUAUAACGAACAUGGUUCUUGCCUUUUACCAGAACCAUCCGGGUGUUGUCUCCAUAGAAACAGGUAAAGCUGUCCGUUACUGUGGGCUUGCCAUAUUUUUUGGAACUUUUC,(..((((((.((((.(....((((((.(((((.(((((((.(.(((((((((((.))))))))))...)().))((...((((((((((.......)))))))))).)))))))))))))).(.)..((((((..).))))))))))))))))()))).)...................
GUACGAAGGAAGGUUUGGUAUGGGGUAGUUGUCGUAC,(((((((((.((((.)((.())()(.)))))))))))
ACCGUCAGAGGACACGGUU,(((((........))))).
GGGUGAUUAGCUCAUGGAGCACCUCCCUUACAAGGAGGGGCGGCGGCGAUCCCGUCAUCACCCACCA,((.(((.(((((((..))))(((((((.....))))))).)(((((...).))).)).()))))...
AAGGACGAGC,.().......
GUGUGCCCGGCAUGGGUGCAGUCUAUAGGGUGAGAGUCCCGAACUGUGAAGGCAGAAGUAACAGUUAGCCUAACGCAAGGGUGUCCGUGGCGACAUGGAAUCUGAAGGAAGCGGACGGCAAACCUUCGGUCUGAGGAACACGAACUUCAUAUGAGGCUAGGUAUCAAUGGAUGAGUUUGCAUAACAAAACAAAGUCCUUUCUGCCAAAGUUGGUACAGAGUAAAUGAAGCAGAUUGAUGAAGGGAAAGACUGCAUUCUUACCCGGGGAGGUCUGGAAACAGAAGUCAGCAGAAGUCAUAGUACCCUGUUCGCAGGGGAAGGACGGAACAAGUAUGGCGUUCGCGCCUAAGCUUGAACCGCCGUAUACCGAACGGUACGUACGGUGGUGUG,..((((((((((.(((((((((((.(((((((..)..)))))(((((((((((((((()))))))(((((((((((((((((.(((((((.(())))))))))).()))()))))))))))(((((((((((((((.(.)))((((((()...(((((((((((((((((((((((((()......))))))())))))))))))...)))))))))))))).))))))))))).).)))))))).)))))))))))))()))))((((((((((..))))))))).((((((((((((((((((((....))))))))))))))))((((((((((((..))))))())))))(((((((((((((((..)))).))))))))))))..
GGAUCGCUAGGGUUCCGGUCGUGCGGCGUCGCCGCACGAUGCUGGUCCGAGAGCAAUCCGGUCUUGCCUUCGCCUCGUUCGCGAGGAAACGGCGAGGCUCCACGGAGGGAUAAAAGCCCGGGAGG,((((((((((((((((((((((((((((.)))))))))))()))))))))..))))))((((((((((((.(((((((..))))))).)))))))).)).(.((((((((()))).)))))))).
AAGUGGGUGCGCGUUGGCGCAUCACUCGGGUGGAACCGCGGGAGCUGCUCUCGUCCCGAG,...(.((((((((..))))))))(((((((..(.).)((((((((.))))))))))))))
GUUGUUUUUUUU,........()..
GCAGGGCAAGGCCCAGUCCCGUGCAAGCCGGGACCGCCGGGGCGCGGCGCUCAUUCCUGC,((((((((((((((.((((((()..)).))))))(((().).))))))()))).))))))
AGUAAGGUCAGCUAAAUAAGCUAUCGGGCCCAUACCCCGAAAAUGUUGGUUAUACCCUUCCCGUACUACCA,(((((((((((((((..)()))(((((((.....))))))))))(((((.(.)).)))())))))))....
CCGUGAAAAGG,(((.....)))
GGGAUACAGGACUGGCGGAUUAGUGGGAAACCACGUGGACUGUAUCCGAAAAAAAGCCGACCGCCUGGGCAUC,((((((((((((((((((....((((...))))).))))))))))))).......((((())))).))))...
GGUACAACGGCUUCCUGGCGUGACC,(((((((((....)..))))).)))
UGCCUGGCGGCCGUAGCGCGGUGGUCCCACCUGACCCCAUGCCGAACUCAGAAGUGAAACGCCGUAGCGCCGAUGGUAGUGUGGGGUCUCCCCAUGCGAGAGUAGGGAACUGCCAGGCAU,(((((((((((.(..(((((((((..)(((((((.(((((...()))))))())(()))))))))())((((((((((((((((((...)))))))))))))))))).))))))))))).
GCGGGAGGGCGAAAUUGGAGACGCACCAGAUUUAGGCGGCGCCGCAAGGGGCGAGCAAGCCGCCCCCGCACCA,(((((.(((((((....()())))(((.(.......)))).(()...)))(((.()...))))))))))....
AGCAACUUAGGAUUUUAGGCUCCCCGGCGUGACCAUGCCGGGCCAAACCCAUAGGGCUGGCGGUCCCUGUGCGGUCGAAAUUCAUCCGCCGGAG,(((((.(((((((((())))).(((((((((..)))))))))...(((((((((((........))))))).)))))))))))...........
GGGCCACGGAAACCGCGCGCGGUGAUCAAUGAGCCGCGUUCGCUCCCGUGGCCCACAA,(((((((((......((((((((((.....)))))))))).....)))))))())...
GGGGGGCCACUAGGGACAGGAUGUUUUAGAGCUAGAAAUAGCAAGUUAAAAUAAGGCUAGUCCGUUAUCAACUUGAAAAAGUGA,......................((((((..(((((..)))))....)))))).(((((.).))).....((((((..)))))).
GAGUAGAAGCGUUCAGCGGCCGAAAGGCCGCCCGGAAAUUGCUCC,((((((((((((((((((((((..)))))))).()))))))))).
UACGUCCCUCUCCAAACGAGAGAACAUGCAUGGGCUGGCAUGAGCGGCCUUGAGGCCUGAAAUUUCAUGCUAGGGACACA,((((((((((((.((...)))))..(.(((((((((((((..((((())))).)))))...)))))))))))))))))))
GCCCGGAUAGCUCAGUCGGUAGAGCAGGGGAUUGAAAAUCCCCGUGUCCUUGGUUCGAUUCCGAGUCCGGGCACCA,((((((((((((((((.((.)()))((((((((..).))))))).).)(((((()).)).))))))))))))....
GAUGGCGAAAGCCAUUUCCGCAGGCCCCAUUGCACUCCGGGGUAUUGGCGUUAGGUGGUGGUACGAGGUUCGAAUCCUCGUACCGCAGCCA,(((((((..)))))))..((((((((((.(.)......)))))..)))))..)(((((.((((((((((.....)))))))))).))))).
GGUCCGCAGCCUCCUCGCGGCGCAAGCUGGGCAACAUUCCGAAAGGUAAUGGCGAAUGCGGACC,((((((((((((((..).)().......))(()((((((((..)))()))))).))))))))))
AAUCCAUGACCAAAGAAUCGUCACAAAUCGAAGCUUACAAAAUGGAGUAAAAUUUUGUUUACUCAGUAAUAUGCUUUGGGUUGAAAGUCUCCCACCAAUUCGUAUGCGGAAAACGUAAUGAGAUUUAAAAAUAAUUGUUUAAAUCAACUCAUUAAGGAGGAUGCCCUUGGGUAUUCUGCUUCUUGACCUGGUACCUCUAUUGCAGGGUACUGGUGUUUUCUUCGGUACUGGAUUCCGUUUGUAUGGAAUCUAAACCAUAGUUAUGACGAUUGCUCUUUCCCGUGCUGGAUCGAGUAACCCAAUGGAGCUUACUAUUCUUGGUCCAUGGAUU,(((((((((((((((((((.((..(...((((((..........((((((((....))))))))......).)))))).((.((((..((((.(((.(.......((((..).)))((((.((...()(((........())....))))))).((((((((((((...)))))))))))..)..((((((((((((......))))()))))().).(...))))...((((((((......)))))))).....(.(().(()).)))).(((.((((.()...)))))))))).)).)).)))).))).)...))))))(.)))))))
GAUAACUCAAUUUGUAAAAAAGUUUUAGAGCUAGAAAUAGCAAGUUAAAAUAAGGCUAGUCCGUUAUCAACUUGAAAAAGUGA,.....................((((((..(((((..)))))....)))))).(((((.).))).....((((((..)))))).
GGGUCGUUAGCUCAGUGAGAGCAGUUGACUUUACAAUUGUCGCAGGCGAAUCCUGCACGACCCACCA,(((((((((((((((.()))))(((((.(...))))))).).(((()....)))).)))))))....
CACCCCCGUGCCCAUAGCACUGUGGAACCACCCCACCCCAUGCCGAACUGGGUCGUGAAACACAGCAGCGCCAAUGAUACUCGGACCGCAGGGUCCCGGAAAAGUCGGUCAGCGCGGGGGUU,.(((((((((((.((.(((((((((..)(((((((...(.(...))..)))).)))(.))))))))(()(((((((((((((((((((..))))))))))))))))))))))))))))))).
GGUGCCUAAUAUUUAGGCAC,.((((((((...))))))))
UGUUUUCUGUGAAAACGGA,.((((((...))))))...
GGGGUAUCGCCAAGCGGUAAGGCACCGGAUUCUGAUUCCGGCAUUCCGAGGUUCGAAUCCUCGUACCCCAGCCA,((((((((((((((.(())))))((((((((...)))))))))..)(((((()).)..))))))))))).....
UCGCCAACAGGCGG,(((((....)))))
GAGGACCUAGAUCACCCCUC,(((((..........)))))
AAUCCAUUGCACUGGAU,.((((.(.)....))))
UGGGAGGUCGUCUAACGGUAGGACGGCGGACUCUGGAUCCGCUGGUGGAGGUUCGAGUCCUCCCCUCCCAGCCA,(((((((((((((((.((.)()(((((((((.....))))))))))(((((()).)..))))))))))))....
GCUAGCUGGAGGGGCGCCAGUUCGCUGGUGGUUGGGUGCGGUCGGCUAGCC,(((((((((((((((((((((..)))))))(.(.((.)))).)))))))).
AAUUUCUACUCUUGUAGAUGGAAAUUAGGUGCGCUUGGCA,.(((((((().(.)))))).....................
GGUAUCGUGAGGGUAGUACGAGGUACUCCCAUGCCGUCCUCUGGUUUCUGGAGUUUGUCGAACGGCAAGUGCUCCGACGCUAUCGCACGGUGGUUAGCCAGUCCCAAGACCAGAUGCCCA,((((((((((((((.(((((((((.)))))))))((((((((((((.(.((((((((((....)))))..))))))).))))).).))).((((()))))))))))).).).))))))..
GGGGCCUUAGCUCAGGGGAGAGCGCCUGCUUUGCACGCAGGAGGCAGCGGUUCGAUCCCGCUAGGCUCCACCA,((((((((((((()((())())(((((((....(.))))))))))(((((()).)..))))))))))))....
AAAUAACAUUCUU,...()....()..
CUAAGAAAUUCACGGCGGGCUUGAUGUCCGCGUCUACCUGGUUCACUGCCGUGUAGGCAG,.............................................(((.((...).))))
GCCAACGACCAUACCACGCUGAAUACAUCGGUUCUCGUCCGAUCACCGAAAUUAAGCAGCGUCGCGGGCGGUUAGUACUUAGAUGGGGGACCGCUUGGGAACACCGCGUGUUGUUGGCCU,(((((((((((.)(((((((()...((((((()(((((..()))))().)).)))).()))).))((((((((((((((((((.(((..)))))))))))))))))))))))))))))..
GGCUCUGUUUACCAGGUCAGGUCCGAAAGGAAGCAGCCAAGGCAGAGC,.(((((((((....(((((((((((..))))))))))).)))))))))
CCGCUUCACCAUGAGUGAAGGUGGGCUGCUUGCAUCAGCCUAAUGUCGAGAAGUGCUUUCUUCGGAAAGUAACCCUCGAAACAAAAGGAAUGCAACGGAAAUUAGGUGCGCUUGGC,((.(((((((()).)))))))()(((((.(((((())))))....((((((((((((((((..)))))))()).)))))))(.....).)))))).....................
GGAUCUUCGGGGCAGGGUGAAAUUCCCGACCGGUGGUAUAGUCCACGAAAGUAUUUGCUUUGAUUUGGUGAAAUUCCAAAACCGACAGUAGAGUCUGGAUGAGAGAAGAUU,.((((((((((((((((((..)..))))((((((((((.)(()))))(((((....)))))()(((((()..)..)))))))))((((().))))))).....))))))))
GCAAGGUACGGCGAAAGCCGUAGGGGCUUGAGAACCCCCCCUCCCCACUC,(((((((((((((..)))))))((((((((((.)))))))..)))).)))
CUCGUAUGGCGCAGUGGUAGCGCAGCAGAUUGCAAAUCUGUUGGUCCUUAGUUCGAUCCUGAGUGCGAG,(((((((((((((((((.)()))(((((((.....))))))).)()(((((()).)).)))))))))))
GCGGCCGUAUUGCAGUACCGCGGCC,..((((((...........))))))
UUGCGUUGAUAAAAGUAUUGUUUUUGUACUCUAGAAGCUACAAAGAUAAGGCUUCAUGCCGAAAUCAACACCGGUGUU,...................(((((((((.((()))...))))))))).(((((..).)))).....(((((())))))
UCCCUUCUGUGAAGGG,.((((((...))))))
CAUCCGGUAUCCCAAGACAAUCUCGGGUUGGGUUGGGAAGUAUCAUGGCUAAUCACCAUGAUGCAAUCGGGUUGAACACUUAAUUGGGUUAAAACGGUGGGGGACGAUCCCGUAACAUCCGUCCUAACGGCGACAGACUGCACGGCCCUGCCUCAGGUGUGUCCAAUGAACAGUCGUUCCGAAAGGAAG,((((((((..((((((((((((...))))(())))))..((((((((((..((()))))))))).())))((((((((((.(()(((((()(((((((.(((...))))))...).).)())((((.)))))...((((()()))))))((((.))))))))))))))))))))).((((())))))).
AAAGGGGAGUAGCGUCGGGAAACCGAAACAAAGUCGUCAAUUCGUGAGGAAACUCACCGGCUUUGUUGACAUACGAAAGUAUGUUUAGCAAGACCUUUC,(((((((((((((((((((..)))))(((((((((()......((((((..))))))))))))))))((((((((..))))))))))))))))))))).
GAUAACUGAAUCGAAAGACAUUAUCACG,((((.....((((..))))..))))...
GGGGGCCAGAUGUCAUGUCUCUCAAGCCUAGGAGACACUAGACACUCUGGACUAUCGGUUAGAGGAAACCCCCCCAAAAAUGUAUAGGCU,((((((((((((((((((((((...((((()))))))()))))).))))).(((........))).....))))).........))))).
GCACCAUUGCACUCCGGUGCCAGUUGACGAGGUGGGGUUUAUCGAGAUUUCGGCGGAUGACUCCCGGUUGUUCAUCACAACCGCAAGCUUUUACUUAAAUCAUUAAGGUGACUUAGUGGACAAAGGUGAAAGUGUGAUGA,(((((.(.)......)))))..(..(((((...((((((..))((....)).......))))))((((((((((((())))))..)(((((((((.)(((((((((((..))))))))))))..)))))))))))))())
GGACGGAGGCGCGCCCGAGAUGAGUAGGCUGUCCCAUCAGGGGAGGAAUCGGGGACGGCUGAAAGGCGAGGGCGCCGAAGCGAGCAGAGUUCCUCCCGCUCUGCUUGGCUGGGGGUGAGGGGAAUACCCUUACCACUGUCGCGAAAGCGGAGAGCCGUCCA,(((((((((.(((((((((((((((((((((((((((((((((((()().)))))))))))))).())))))))))()((((((((((((())))))))))))))).)))(((((((((((()).))))))))))))((((((..))))))).))))))).
CGCGGGGGGAGCAGCCCGGUAGCUCGUCGGGUCAUAACCCGAAGUCGUCGGCAAAUCCGGCCCCCGCAACCA,(((((((.((((((....(.)))))((((((......))))))).)((((()....))))))))))))....
GCGCGGCUUCGGCCGCGCC,((((((((..)))))))).
GCCGGGCGCGGUGGCUCACGCCUGUAAUCCCAGCACUUUGGGAGGCCGAGGCGGGAGGAUCGCGAACACGCGAGACCCCGUCUCUA,((((((((((((((())))))))...(((((.)).)).)))))))).((((((((.((((((((....))))))))))))))))()
GGUUAUUCAGAUUAGGUAGUCGAAUGACC,((((((((.((.(..)..)))))))))))
GGUCAAUUUGAAACAAUACAGAGAUGAUCAGCGGUUCCCCUGGAUGAACCGUUUUACAAAGAGAC,.(((.((((((..................(((((((((((.))))))))))))..)))))).)))
UCCGAUAUAGCGUAACGGCUAUCACAUCACGCUUUCACCGUGGAGACCGGGGUUCGACUCCCCGUAUCGGAGCCA,(((((((((((((((.((..)())(((((((.(..)..)))))))))(((((()).)..))))))))))))....
GGGGGACGACCCCGC,(((((....)))).)
GCUGUGUCGAUCCACAGC,((((((......))))))
AUUUUUGUGCCCAUCGUUGGCACUAUUAAGGAAUGGAAUAUAG,.(.)..((((((...)..)))))....................
GGUUGCGGCCAUAUCUACCAGAAAGCACCGUUUCCCGUCCGAUCAACUGUAGUUAAGCUGGUAAGAGCCUGACCGAGUAGUGUAGUGGGUGACCAUACGCGAAACUCAGGUGCUGCAAUCU,(((((((((((.)((((((((..).(((((((.(((((..())))))(()))(())))))))).))((((((.((((((((((((.(((..))))))))))))))))))))))))))))).
GGCCCCAUCGUCUAGCGGUUAGGACGCGGCCCUCUCAAGGCCGAAACGGGGGUUCGAUUCCCCCUGGGGUCACCA,(((((((((((((((.(((.)()()(((((((.....))))))))))(((((()).)..))))))))))))....
CGCCGCUGGUGUAGUGGUAUCAUGCAAGAUUCCCAUUCUUGCGACCCGGGUUCGAUUCCCGGGCGGCG,(((((((((((((((((.)())((((((((.....))))))))))(((((()).)).)))))))))))
GGACGAUGGCGAAACUGCAUGAGGCAAUUCAUGCAAGUCCCUCGUCC,((((((.((.((((((((((((......))))))())))))))))))
AGCAGAGUAGCGCAGCGGAAGCGUGCUGGGCCCAUAACCCAGAGGUCGAUGGAUCGAAACCAUCCUCUGCUACCA,.(((((((((((()(.((()()))((((((((..).))))))))).)(((((())))..))))))))))))....
AGCGCCGUCGCAGGGAAGCGCCAGGGCUCAUACCCUGAUCUCGGAUCGAACCGAGCGGCGCUACCA,((((((((((((.((()))).(((((((..)))))))..((((())))..))))))))))))....
GCUGCGGUGUGGAAGGAGUGGCUGGGUUGCGCAGC,(((((((((.((..(()(.((..)))..)))))))
GUACACGACAAUACUAAACCAUCCGCGAGGAUGGGGCGGAAAGCCUAAGGGUCUCCCUGAGACAGCCGGGCUGCCGAAAUAUC,(((.((((.(.(.((((((((((((.(())))))))(()(()(((((.(((((((...)))))())))))))).)()))))).
GCUUCAACAACCCCGUAGGUGGGGACGAAAGUCAGCGCACCUACUGGAGCC,(((((()....((.(((((((((((((..))))))))))))))))))))).
GGGCCUAUAGCUCAGGCGGUUAGAGCGCUUCGCUGAUAACGAAGAGGUCGGAGGUUCAAGUCCUCCUAGGCCCGCCA,((((((((((((()(..((..)()))(((((((.....))))))).).)(((((()).)..))))))))))))....
GUCUACGGCCAUACCACCCUGAACGCGCCCGAUCUCGUCUGAUCUCGGAAGCUAAGCAGGGUCGGGCCUGGUUAGUACUUGGAUGGGAGACCGCCUGGGAAUACCGGGUGCUGUAGGCUU,(((((((((.(..(((((((().(.((((((()(((((..()))))))())(())))))))).))((((((((((((((((((.(((..)))))))))))))))))))))))))))))..
GGUUUAGAUCUAAGGACUUCCUAAUUAGUGGUUUGUCCAAUGUUCGGGCAUGCUAGACUCUGAACCC,((((((((((((.(((((((((......))))..)))).(((((..)))))..)))).)))))))).
AUCACCUCCUU,...()......
UCCCCACGCGUGUGGGGAU,.((((((....))))))..
AGGAGAUGAAAGUCUCCAGGUCUCUCGUCCGGA,((((((((..))))))))...............
GGCACAGAAGAUAUGGCUUCGUGCC,(((((.((((......)))))))))
AGCGCCGUGGCGCAGUGGGAAGCGCGCAGGGCUCAUAACCCUGAUGUCCUCGGAUCGAAACCGAGCGGCGCUACCA,((((((((((((()((.((.)()))(((((((.....))))))).).)(((((()).)).))))))))))))....
AGUAGUAACAAGAG,((((..))))....
CUAAGAAAUUCACGGCGGGCUUGAUGUCCGCGUCUACCUGGUUCACUGCCGUAUAGGCAG,.....................................(()..).................
UAGGGUUAGGGU,..(((..)))).
CACGUCCCUCUCCAAACGAGAGAACAUGCAUGGGCUGGCAUGAGCGCGUGGGGCCCCGAGGCGCUGAACCUUGAGGCCUCAUGCUGGGACU,.(((((((((((.((...)))))).((((((((((((((((.((((((((((())))))).))))))))))...))))())))))))))))
GGCUUCAACAACCCCGUAGGUUGGGCCGAAAGGCAGCGAAUCUACUGGAGCC,((((((()....((.(((((((((((((..))))))))))))))))))))))
GAUCGAUGUGGUGACG,..()......()....
UACCCCCCCUUCGGUGCUUUGCACCGAAGGGGGGG,..((((((((((((((()))))))))))))))...
GAUUAUCGGAAGCAGUGCCUUCCAUAAUC,((((((.((((((...).)))))))))))
GGCCAGGUAGCUCAGUCGGUAUGAGCGUCCGCCUGAAAAGCGGAAGGUCGGCGGUUCGAUCCCGCCCCUGGCCACCA,((((((((((((((((.((.).()))(((((((.....))))))))).)(((((()).)).))))))))))))....
GGCUCGGCGGCGGA,((...)).((.)).
GCUGGGAUGUUGGCUUAGAAGCAGCCAUCAUUUAAAGAGUGCGUAACAGCUCACCAGC,((((((((((.((((.....(())))..)))((())()((((((..))))))))))))
GGCUCGGCGGCGGA,((...)).((.)).
AGCUCGCCAGUUAGCGAGGUCUGUCUCGACACGACAGAUAAUCGGGUGCAACUCCCGCCCCUCUUCCGAGGGUCAUCGGAACC,.((((((((()..)))))((((((((.....))))))))...((((()).)).))))((((.((((((()(())))))))).)
GGUAAGUGUACUGGAAAGUGCACUUGCC,((((((((((((....))))))))))))
GAACUCAAUAG,.......(.).
AGCACGGCUGUAAACCGUGC,.((((((.......))))))
CCUGGUAUUGCAGUACCUCCAGGU,((((((.(.).......)))))).
CUGUCCAAUGAGCGCAUAGUGAGGGCAG,((((((...(((((..).))))))))))
GGAAAUUAGGUGCGCUUGGCGUUUUAGUCCCUGAAAAGGGACUAAAAUAAAGAGUUUGCGGGACUCUGCGGGGUUACAAUCCCCUAAAACCGC,....................(((((((((((((..))))))))))))).(((((((((((((.(())).(((((....).)))).))))))))
GUAUGGGAUGAAAGCGGUGAAGGGAAACCGAGUUAACCCCUAAGCC,(((((((((((.((((..((.(((..))))))))))))))(())).
GAUAACUGAAUCGCUAAGGAUGAAAGUCUAUGCGACAUUAUC,(((((.((..(((((()(((((..)))))).)))))))))))
GCGGGAUGGAGCAGUUCGGUAGCUCGUCGGGCUCAUAACCCGAAGGUCGGUGGUUCAAAUCCGCCUCCCGCAA,(((((((.(((()(...((.)()))((((((((..).))))))))).)(((((()).)..)))))))))))..
GUACGAAGGAGGUUUGGUAUGUGGUAUAUUCGUAC,(((((((((.(((.)((..))()(.).))))))))
UUUGCAGGACGACCUGAAA,(((.((((....)))))))
AGAACUCAAUAG,........(.).
UCUACGGCCAUACCACCCUGAACGCGCCCGAUCUCGUCUGAUCUCGGAAGCUAAGCAGGGUCGGGCCUGGUUAGUACUUGGAUGGGAGACCGCCUGGGAAUACCGGGUGCUGUAGGCUU,((((((((.(..((((((((....((((((()(((((..()))))))())(())))))))).))((((((((((((((((((.(((..))))))))))))))))))))))))))))...
GCGCACCGGGGA,.(.....)....
GACUACCUCUAUAUGAAAGAGGACUAAAACCAUAUUUCCAAACUCCACUUUG,....(((((.........))))..)...........................
AAAUUGGUGUAACCUUACCGUAGUAGGUGCUAA,.....(((...((((()))).)())))).....
UAUUCUAUCGGCUAAGGAUGAAAGUCUAUGCCGAUUCUAUUCU,(((((((((((((()(((((..)))))).))))))))()))..
GGGCUUCAACGCCC,((((......))))
CGGUGUAAGUGCAGCCCGUCUUACACCGUGCGGCACAGCGGAAACGCUGAUGUCGUAUACAGGGCU,(((((((((((.((((((.)))))))))(((((((((((((..)))))).)))))))..)))))))
AGCGGGGGGAGCAGCCUGGAGCUCGUCGGGUCAUAACCCGAAGAUCGUCGGCAAAUCCGGCCCCCGCUACC,(((((((.((((((....()()))(((((((..)).)))))))).)((((()....))))))))))))...
UACGUCCCUCUCCAAACGAGAGAACAUGCAUGGGCUGGCAUGAGCGGGGGGCUCGUCCCGAGGCGCUGAACCUUGAGGCCUCAUGCUCAGGGACACA,.(((((((((((.((...)))))..((((((((((((((((.((((((((((.().))))).))))).)))))...))))())))))..))))))).
GCCCGGAUAGUGUCCUUGGGAAACCGAGUCCGGGCACC,((((((((((.((..).))....)))())))))))...
GAAGGUUUUUCUUUUUCCUGAAGGCGAAAGUCUUCAGGUUUUUCUUUUUGGCCUUUCUUAAAAAAAAAAAAAGAAAA,(((((((((((((((.((((((((((..)))))))))).((((((((((..)))))..........)))))))))))
GGCCAAAGGCCCUUUUCAGGGCCACCCC,.......((((((....)))))).....
GCAGACUUAAAUCUGC,(((((((())))))))
GGAACCGGUGCGCAUAACCACCUCAGUGCGAGCAA,......(((((((((.((()))).))())))))..
GGAAUUGACGG,....().....
AGAGAAGGUCACGGCGAGACGAGCCGUUUAUCAUUACGAUAGGUGUCAAGUGGAAGUGCAGUGAUGUAUGCAGCUGAGGCAUCCUAACAGACCCACAGACUUGAAC,...(.((((((((((.(....))))().(.........(((((((((((((((.(((((((..))))))).))))).)))))))))).)))))))...........
GAGAGAGAAGUCAACCAGAGAAACACACCAACCCAUUGCACUCCGGGUUGGUGGUAUAUUACCUGGUACGGGGGAAACUUCGUGGUGGCCG,.........(...((((((((((.((((((((((.(.)......)))))))))).).))))))))))(((((((..)))))))........
GGCGCUGCGGGGUUCGAGUCCCCGCAGGCCACC,(((.(((((((((...)..)))))))))))...
GAUGUGAGGCUUCGGCCUCACCGCUCCAUGUGCGA,(((((((((((..)))))))).).)).........
GUCUCUGUCGCAACGGAGCGCCGGCUGUUACCGAAAGUGGUGGUCGGCCCACCCAGGGACGCCA,((((((((((((...()))).((((....)))).....(((((.)...)())))))))))....
CACUGGUGCAAAUUUGCACUAGUCUAAAACUCCUCGAUUACAUACACAAA,.(((((((((....))))))))..).........................
GGUACGGCGGCCAUAGCGGCGGGGCCACACCCGGUCUCGUUUCGACCCCGGAAGUUAAGCCCGCCAGCGUUCCCGGGUGUACUGCCCUCCGAGAGGGGGCGGGAAACCGGGAACGCCGCCGGCCA,(((((((((((((.)(((((((((.()(((((((.(((.(...().))))))))(())))))))).()).(((((((((((((((((.(((..))))))))))))))))))).))))))))))).
UAAUCUUUGACAGAUU,(((((((..).)))))
GCUUUUUGUUCG,.......(...)
GAAUUGACGG,...().....
CAGUCACUGG,(((...))).
GGAGUCCAACUCC,(((((...)))))
GGCUUAUCAAGAGAGGUGGAGGGACUGGCCCGAUGAAACCCGGCAACCACUAGUCUAGCGUCAGCUUCGGCUGACGCUAGGCUAGUGGUGCCAAUUCCUGCAGCGGAAACGUUGAAAGAUGAGCCA,((((((((...((.(((((((((((((()())..)))))))((((.(((((((((((((((((((....))))))))))))))))))).))))).())))((((((..))))))..))))))))).
GGGGUGAAGGAGGCUUCGGCCGCGAAACUUCACCCC,(((((((((((((((..)))))....))))))))))
CGGCGCCCGAAACAGGGACUG,........(.)..........
GGACAUAUAUACGCGUGGAUAUGGCACGCGAGUUUCUACCGGGCACCGUAAAUGUCCGACUAUGUCC,(((((((((.(((((((.(((.(()))))))((.(()))(((((()(())))))))))..)))))))
GUCUACGGCCAUACCACCCUGAACGCGCCCGAUCUCGUCUGAUCUCGGAAGCUAAGCAGGGUCGGGCCUGGUUAGUACUUGGAUGGGAGACCGCCUGGGAAUACCGGGUGCUGUAGGCUU,(((((((((.(..(((((((().(.((((((()(((((..()))))))())(())))))))).))((((((((((((((((((.(((..)))))))))))))))))))))))))))))..
GGCCAGGUAGCUCAGUUGGUAGAGCACUGGACUGAAAAUCCAGGUGUCGGCGGUUCGAUUCCGCCCCUGGCCACCA,((((((((((((()(..((..())(((((((((..))))))))))).)(((((()).)..))))))))))))....
GCUGGCGACCAUAGCAAGAGUGAACCACCUGAUCCCUUCCCGAACUCAGAAGUGAAACCUCUUAGCGCUGAUGGUAGUGUGGGAUUACCCAUGUGAGAGUAAGUCAUCGCCAGCU,(((((((((.(.)(((((((((..)(((((((.((((....(.))))).)))(())))))))).()(((((((((((((((((....))))))))))))))))))))))))))).
GGGAGAUGAGUCUCCAGGUCUCUCGGAA,.((((((())))))).............
AUUCAGGUGAUUUGCUACCUUUAAGUGCAGCUAGA,....((((...((((())()..))())))..()).
UGGUGGCGAUAGCGAAGAGGUCACACCCGUUCCCAUACCGAACACGGAAGUUAAGCUCUUCAGCGCCGAUGGUAGUCGGGGGUUUCCCCCUGUGAGAGUAGGACGCCGCCAA,(((((((....(((((((((..)((((((())((.(...().))))))))(())))))))).().(((((((((((((((((...))))))))))))))))).)))))))).
AUGCAUGUCUAAGACAGCAU,((((.((((...))))))))
GGGAGUACGGUGAGGGUCGGGUCCAGUAGGUACGCCUACUGUUGAGUAGAGUGUGGGCUCCGUACUCCC,((((((((((((((((.(((.((((((((((..))))))))(.))((.(.).)))))))))))))))))
GCCCGGAUAGCUCAGUCGGUAGAGCAGGGGAUUGAAAUCCCCGUGUCCUUGGUUCGAUUCCGAGUCCGGGCACCA,((((((.((((.()(.(().)))))(((((.((..)).))))).)..((()(((..)).)))))))())).)...
GCAAACAUCAUUUGGCCUUAAAUGGGAUUCUGUGAGAGGGGAUCCCUCCAUUGACAGCUGGACUGUUCUUUGGGGCCUUAUGUGGUGUUUG,.((((((((((.((((((.(()(((((((((..(..).)))))))))((((((((((.....)))).)))))))))))...))))))))))
GAGGGGAAUGAAAAUCCCCUC,((((((((..)..))))))).
CUCGGUGUUCCCCGCGCCGCGGG,......()..((((((.))))))
CGCGGAUCAGUCACCCAAGCGCG,((((((.........))))))..
GAAGUGUACCUAGGGAUCCACCUCGAGAGAGGAAGGACCAAGCGGUACAGGCCUACUUCGGUAGGUUACACCGUGGGGAUAAAAGACCCGUGGCAAGUUU,(((((((((((((((()((((((((..))))))()))))))(.))))))((((((((..))))))))(()(((((((((()))).))))))))())))))
AAGCCCCGUAAGGG,....((((..))))
UGCUCCUAGUACGAGAGGACGGAGUG,.(((((.((((((..)))))))))).
AGGCUUAUAGCUCAGGUGGUUAGAGCGCACCCCUGAUAAGGGUGAGGUCGGUGGUUCAAGUCCACUCAGGCCUACCA,((((((((((((()(..((...()))(((((((.....))))))))).)(((((()).)..))))))))))))....
ACAUGCACAUGCAAUUUGUGUAUGUGUAUGU,(((((((((((((.....)))))))))))))
GAUAACUGAAUCGAAAGACAUUAUCACG,((((.....((((..))))..))))...
GGUACAACGGCUUCCUGGCGUGACC,(((((((((....)..))))).)))
GCCAGUCUGGCGUUUGGUGACAGCGCCAAGUUCUUCGGAAUUGGGAAAUCCUACUGGCC,(((((((((((((.(((.()))))))))((((((..))))))(((..).))))))))).
GGUGCUCAGUAUGAGAAGAACCGCACC,(((((((((((((..))))))))))))
ACAUACGACCAUACCCACUGGAAAACUCGGGAUCCCGUCCGCUCUCCCAUAGAUAAGCCAGUGAGGGCCAGACUAGUAGUUGGGUCGGUGACGACCAGCGAAUCCCUGGUGUUGUAUGUU,(((((((((.(..((((((((....((((((()(((((..())))))).)))(())))))))).))((((((((((((((((((.(((..))))))))))))))))))))))))))))).
GAGCAAGAGCCAUUGCACUCCGGUUUGAUGACCUC,(((((((((((.(.)......)))))().))))))
CUGCUGCUGCCGCUAAGGAUGAAAGUCUAUGC,...........(((()(((((..)))))).))
GGAGUUGACGG,....().....
UGUGGUUCGCAACCAUCCCACAUAAAAAAACUAG,(((((((((..((....(((().))))))))())
CCACAGUCACUGGG,((.(((...)))))
GGCGACGAUCCGGCCAUCACCGGGGAGCCUUCGGAAGAACGGCGCCGCCGGAAACGGCGGCGCUCAGUAGAACCGAACGGGUGAGCCCGUCACAGCUC,((((..(((((((...(..))))))))))((((((.((((((((((((((....))))))))))))())).))))))(((((((((()().).)))))
UCCCCACGCGUGUGGGGAU,(((((((....))))))).
GGUGUAAUCUCCAAAAUAUGGUUGGGGAGCCUCCACCAGUGAACCGUAAAAUCGCUGUCACCACCCAG,((((((((((((((.(((.(()))))))(..((.()((((((()(()))))))))))).).))))...
GGGGAGGCGUGCCGGCCUCGGAGCAAUACUCGGC,......((((.(.(((((.)).))).))..)).)
UCCCUGGUGGUCUAGUGGUUAGGAUUCGGCGCUCUCACCGCCGCGGCCCGGGUUCGAUUCCCGGUCAGGGAACCA,(((((((((((((((.(((.)()))(((((()..(.)))))))))).(((((()).)))))())))))))((.))
GGGUCUAUGAUACCACCCCGGAG,((((..........)))).....
CGCACCUGACCCCAUGCCGAACUCAGAAGUGCG,(((((((((.(((((...()))))))).)))))
UUCCUCGUGGCCCAAUGGUCACGGCGUCUGGCUACGAACCAGAAGAUUCCAGGUUCAAGUCCUGGCGGGGAAGCCA,(((((((((((((((.((..)())(((((((.(..)..)))))))).)(((((()).)..))))))))))))....
CUUAGAAAGCAAACCUAUAACCGUUCACCGCCGCACAGGCGGC,()...............()........((((((...)))))).
GUACGAAGGAAGGUUUGGUAUGUGGUAUAUUCGUAC,(((((((((.((((.)(((())()()))))))))))
AGGGCAUUUGAACUGUAUUGUACGCCUUGCAGCAAAAGUACUAAAAA,((((.(((((...(.((((((((.)()(((..)).))))))))))))
UGACUGCGUUUUAGGAGUUA,.(((((((....))))))).
GCGGAGAAUGUUAUGGCCUUCGGGCAGAGAAAACCG,.((((.((((....(((((..))))()..)))))))
AGAGGUUCUAGCCCCUCUAUAAAAAACUAA,(((((((((((..((((())))))))))))
AAAAAAAAAAG,....(.....)
CCAAAGGCUCUUUUCAGAGCCACCCA,.....((((((....)))))).....
AUUUAGGUGAUUUGCUACCUUUAAGUGCAGCUAGAAA,....((((...((((())))...)())))..()....
CAUCACCGCCAAGACGACGGCGGACUGAACCUUCAUUACCUCUGUUUG,...(((((((...(.)..)))))..).)....................
UCGGUGUUCCCCGCGCCGCGGG,.....()(.((((((.))))))
UCCCAGUCCACCGCGGUGAGAAGGG,.((((.((((((())))))))))))
GGAAGAUACAAGGUGAGCCCAAUAAUAUGGUUUGGGUUAGGAUAGGAAGUAGAGCCUUAAACUCUCUAAGCGGUAUCUUCCC,(((((((((.((.((((((((((.(((.(()))))))(((((((((()(.(((()(..))))))))))))))))))))))).
ACAUACGACCAUACCUAGUGGAAAACUCGGGAUCCCGUCCGCUCUCCCAUAGAUAAGCCACUAAGGGCGGGGUUAGUACUCAGGUCGGUGACGACUGGGGAAUCCCCCGUGUUGUAUGU,(((((((((.(..((((((((....(((((((.(((((..())))))).).)(())))))))).))((((((((((((((((((.(((..)))))))))))))))))))))))))))))
GGCGAAGACCGGGGAGCC,((((..(((())).))))
GGGUCGUGACUGGCGAACAGGUGGGAAACCACCGGGGAGCGACCCUUGCCGCCCGCCUGGGCAA,((((((((((((......((((((...))))))))))))))))))((((((.......))))))
CUGGGCGGGCGACCGCCUGG,.((((((((..)))))))))
UCCCCACGCGUGUGGGGA,(((((((....)))))))
GGCCGCAUUGCACCUCGCGGCC,((((((.(.)......))))))
UCCUCGUCCCAAGGCACGGCCUGGCUGCGAACCAGAAGAUCAGGCAGUCCUGGCGGGGAAGCCA,((((((((((((.(.)))(.((((......))))..).)(((()...)))).))))))......
GAAGGCCGAAAGGUCUUCCACGACGAUACUUAUUUCCUUUGAUCGUCGUUAUUACUGGCUUCGGCCACAAAGGAGA,((((((((..)))))))).((((((((((((...(((((.))))))))(())((((((((..)))))).)))))..
GCGCACUGGCGCUGCGCCUUCGGGCGCCAAUCGUAGCGUGUCGGCGCC,(((((((((((((((((((..))))))...(((()))))(()))))).
CCACACCGUUCUAGGUGCUGG,((((((((....))))).)))
GCCGAGGUGGUGGAAUUGGUAGACACGCUACCUUGAGGUGGUAGUGCCCAAUAGGGCUUACGGGUUCAAGUCCCGUCCUCGGUACCA,(((((((((((((((..((.(.))))((((((.(.)...))))))(((((..))))).)((((((.).).)))))))))))))....
UGACUGCGUUUUAGGAGUUA,((((((((....))))))))
AGGGUUAGGGU,.(((.()))).
GUUGAUAUGGAUUUACUCCGAGGAGACGAACUACCACGAACAGGGGAAACUCUACCCGUGGCGUCUCCGUUUGACGAGUAAGUCCUAAGUCAACA,(((((((.((((((((((((((((((((.....(((((.((((((()())))))).))))))))))))....)))))))))))))(())))))).
AUUGAUUGCCCAGUACGCUGGGACAGCUGGUAAUGGGAUACCU,.......(((((((..)))))))....................
GGCAGGGAUUUUGCCCGGAG,((((.......)))).(.).
GGCUUUAAGUUGACGAGGGCAGGGUUUAUCGAGACAUCGGCGGGUGCCCUGCGGUCUUCCUGCGACCGUUAGAGGACUGGUAAAACCACAGGCGACUGUGGCAUAGAGCAGUCCGGGCAGGAA,........(...((((...(((((((.)))(((...)........))))))(((((((((((())))().).((((((((.)((((((((((..))))))))))))).))))))).)))))).
GGGACCCCCGGGAGCGGGGGACCACU,((((((((((....)))).)))).))
GCGGCACCGUCCGCUCAAACAAACGG,(((((.(((.(())...)..))))))
GAAUAACUUGCAAAAUAACAAGCAU,.........((..........))..
GGUCACUCUGCUAUUUAACUUUACGUUGUAGCUCCCUUUCUCGAAAGAGAACCGUUGCUACAAUAAGGCCGUCUGAAAAGAUGUGCCGCAACGCUCUGCCCCUUAAAGCGCUUUAAGGGGCAUCGUUUAU,........................(((((((((((.(((((((..))))))).))))))))))).((((((((((..)))))).)))).((((()(((((((((((((())))))))))))).))))...
GUGAGAUUGUGAAGGGAUCUCGCAGGUAUCGUGAGGGAAGUAUGGGGUAGUACGAGAGGAACUCCCAUGCCGUCCUCUAGUUUCUGGGGUUUGUCGAACGGCAAGUGCCCCGAAGCCAUCGCACGGUGGUUCUCGGCUGAACGCCUCUAAGCCAGAAGCCAAUCCCAAGACCAGAUGCCCAC,(((((((.........))))))).(((((((((((((.((((((((((((((((..))))))))))))))((((((((((((.(.((((((((((....)))))..))))))).))))).).))).(((((.((((((((((.))).()))))))).))))..))))).).).))))))...
GGAAAUUAGGUGCGCUUGGCACUGGGGUUCAGGAAACUGAACCUCAGUAAGCAUUGGCUCGUUUCCAAUGUUGAUUGCUCCGCCGGUGCGCCGGCA,....................(((((((((((((..))))))))))))).(((((((((..)...))))))).)........((((((())))))).
GCCGGGGUAGUCUAGGGGCUAGGCAGCGGACUGCAGAUCCGCCUUACGUGGGUUCAAAUCCCACCCCCGGC,(((((((((((((((.((.()))).(((((((.)..))))))...))(((((()).)).))))))))))))
AAGAUAGCCCAAGAAAGAGGGCAAUAACCAGAUAUAGCCUGG,.....(((((..(..)..))))..).......(....)....
GGGUGAUUAGCUCAGCUGGGAGAGCACCUCCCUUACAAGGAGGGGGUCGGCGGUUCGAUCCCGUCAUCACCCACC,((((((((((((()(..((.)()))((((((((..).))))))))).)(((((()).)..))))))))))))...
GGCCGCUCCAGAAGAGGGCCCCCUUGCCCGUUAUCGGGGGCUAGGCUCGAUGUCGGCC,(((((()((((.(((((((((((.((..((...)))))))))(())))))))))))))